industry,sub_industry,total_market_cap,num_of_companies,companies,top_mcap_gainers,top_price_change
Banks,Banks,3074372234739712,47,"[{""symbol"":""BBCA.JK"",""name"":""PT Bank Central Asia Tbk."",""market_cap_rank"":2,""employee_num"":27491,""point_summaries"":[{""name"":""value"",""point"":0,""maxpoint"":17},{""name"":""competitive"",""point"":21.5,""maxpoint"":25.5},{""name"":""future"",""point"":30,""maxpoint"":30},{""name"":""financials"",""point"":20,""maxpoint"":22.5},{""name"":""dividend"",""point"":9,""maxpoint"":21.5},{""updatedAt"":""2025-01-07T23:01:56.405Z""}]},{""symbol"":""BBRI.JK"",""name"":""PT Bank Rakyat Indonesia (Persero) Tbk"",""market_cap_rank"":6,""employee_num"":80302,""point_summaries"":[{""name"":""value"",""point"":5.5,""maxpoint"":20},{""name"":""competitive"",""point"":15,""maxpoint"":25.5},{""name"":""future"",""point"":30,""maxpoint"":30},{""name"":""financials"",""point"":13,""maxpoint"":22.5},{""name"":""dividend"",""point"":13,""maxpoint"":19.5},{""updatedAt"":""2025-01-11T23:03:50.989Z""}]},{""symbol"":""BMRI.JK"",""name"":""PT Bank Mandiri (Persero) Tbk"",""market_cap_rank"":7,""employee_num"":38342,""point_summaries"":[{""name"":""value"",""point"":3.5,""maxpoint"":17},{""name"":""competitive"",""point"":15,""maxpoint"":25.5},{""name"":""future"",""point"":30,""maxpoint"":30},{""name"":""financials"",""point"":13.5,""maxpoint"":22.5},{""name"":""dividend"",""point"":13,""maxpoint"":21.5},{""updatedAt"":""2025-01-03T23:02:38.426Z""}]}]","{""symbol"":""INPC.JK"",""name"":""Bank Artha Graha Internasional Tbk"",""market_cap_change"":1.85333343933704}","{""symbol"":""INPC.JK"",""name"":""Bank Artha Graha Internasional Tbk"",""price_change"":1.85333333333333}"
Coal,Coal Production,1487050159300608,26,"[{""symbol"":""BYAN.JK"",""name"":""Bayan Resources Tbk"",""market_cap_rank"":3,""employee_num"":4091,""point_summaries"":[{""name"":""value"",""point"":0,""maxpoint"":23},{""name"":""competitive"",""point"":15,""maxpoint"":25.5},{""name"":""future"",""point"":4.5,""maxpoint"":18},{""name"":""financials"",""point"":21.5,""maxpoint"":27},{""name"":""dividend"",""point"":7,""maxpoint"":21.5},{""updatedAt"":""2025-01-09T23:02:53.099Z""}]},{""symbol"":""DSSA.JK"",""name"":""Dian Swastatika Sentosa Tbk"",""market_cap_rank"":10,""employee_num"":1840,""point_summaries"":[{""name"":""value"",""point"":3,""maxpoint"":23},{""name"":""competitive"",""point"":21,""maxpoint"":25.5},{""name"":""future"",""point"":4.5,""maxpoint"":18},{""name"":""financials"",""point"":18.5,""maxpoint"":27},{""name"":""dividend"",""point"":1.5,""maxpoint"":15.5},{""updatedAt"":""2025-01-05T23:01:57.328Z""}]},{""symbol"":""CUAN.JK"",""name"":""PT Petrindo Jaya Kreasi Tbk"",""market_cap_rank"":13,""employee_num"":7919,""point_summaries"":[{""name"":""value"",""point"":0,""maxpoint"":23},{""name"":""competitive"",""point"":10,""maxpoint"":25.5},{""name"":""future"",""point"":4.5,""maxpoint"":18},{""name"":""financials"",""point"":4.5,""maxpoint"":27},{""name"":""dividend"",""point"":1.5,""maxpoint"":15.5},{""updatedAt"":""2025-01-05T23:01:57.287Z""}]}]","{""symbol"":""DSSA.JK"",""name"":""Dian Swastatika Sentosa Tbk"",""market_cap_change"":2.85966124205966}","{""symbol"":""DSSA.JK"",""name"":""Dian Swastatika Sentosa Tbk"",""price_change"":3.80519480519481}"
Electric Utilities,Electric Utilities,1346458861215744,9,"[{""symbol"":""BREN.JK"",""name"":""PT Barito Renewables Energy Tbk."",""market_cap_rank"":1,""employee_num"":638,""point_summaries"":[{""name"":""value"",""point"":0,""maxpoint"":23},{""name"":""competitive"",""point"":21,""maxpoint"":21},{""name"":""future"",""point"":9.5,""maxpoint"":18},{""name"":""financials"",""point"":4.5,""maxpoint"":27},{""name"":""dividend"",""point"":6.5,""maxpoint"":21.5},{""updatedAt"":""2025-01-05T23:01:57.188Z""}]},{""symbol"":""PGEO.JK"",""name"":""PT Pertamina Geothermal Energy Tbk"",""market_cap_rank"":53,""employee_num"":534,""point_summaries"":[{""name"":""value"",""point"":5.5,""maxpoint"":23},{""name"":""competitive"",""point"":7.5,""maxpoint"":21},{""name"":""future"",""point"":15.5,""maxpoint"":30},{""name"":""financials"",""point"":19.5,""maxpoint"":27},{""name"":""dividend"",""point"":6,""maxpoint"":21.5},{""updatedAt"":""2025-01-05T23:01:57.848Z""}]},{""symbol"":""POWR.JK"",""name"":""PT Cikarang Listrindo Tbk."",""market_cap_rank"":136,""employee_num"":810,""point_summaries"":[{""name"":""value"",""point"":15,""maxpoint"":23},{""name"":""competitive"",""point"":6,""maxpoint"":21},{""name"":""future"",""point"":9.5,""maxpoint"":18},{""name"":""financials"",""point"":12,""maxpoint"":27},{""name"":""dividend"",""point"":15,""maxpoint"":21.5},{""updatedAt"":""2025-01-11T23:03:52.160Z""}]}]","{""symbol"":""LAPD.JK"",""name"":""Leyand International Tbk"",""market_cap_change"":2.00000017211458}","{""symbol"":""LAPD.JK"",""name"":""Leyand International Tbk"",""price_change"":2}"
Chemicals,Basic Chemicals,704198701490176,20,"[{""symbol"":""TPIA.JK"",""name"":""PT Chandra Asri Pacific Tbk"",""market_cap_rank"":5,""employee_num"":2357,""point_summaries"":[{""name"":""value"",""point"":0,""maxpoint"":23},{""name"":""competitive"",""point"":16.5,""maxpoint"":21},{""name"":""future"",""point"":22,""maxpoint"":30},{""name"":""financials"",""point"":12.5,""maxpoint"":27},{""name"":""dividend"",""point"":3.5,""maxpoint"":21.5},{""updatedAt"":""2025-01-05T23:01:58.129Z""}]},{""symbol"":""BRPT.JK"",""name"":""Barito Pacific Tbk"",""market_cap_rank"":22,""employee_num"":3325,""point_summaries"":[{""name"":""value"",""point"":2,""maxpoint"":23},{""name"":""competitive"",""point"":13,""maxpoint"":21},{""name"":""future"",""point"":22,""maxpoint"":30},{""name"":""financials"",""point"":8,""maxpoint"":27},{""name"":""dividend"",""point"":3.5,""maxpoint"":19.5},{""updatedAt"":""2025-01-05T23:01:57.206Z""}]},{""symbol"":""ESSA.JK"",""name"":""ESSA Industries Indonesia Tbk"",""market_cap_rank"":108,""employee_num"":391,""point_summaries"":[{""name"":""value"",""point"":5,""maxpoint"":23},{""name"":""competitive"",""point"":12,""maxpoint"":21},{""name"":""future"",""point"":12,""maxpoint"":18},{""name"":""financials"",""point"":20.5,""maxpoint"":27},{""name"":""dividend"",""point"":3.5,""maxpoint"":21.5},{""updatedAt"":""2025-01-05T23:01:57.367Z""}]}]","{""symbol"":""ESSA.JK"",""name"":""ESSA Industries Indonesia Tbk"",""market_cap_change"":0.44642861412946}","{""symbol"":""ESSA.JK"",""name"":""ESSA Industries Indonesia Tbk"",""price_change"":0.446428571428571}"
Processed Foods,Processed Foods,580239343906816,29,"[{""symbol"":""PANI.JK"",""name"":""PT Pantai Indah Kapuk Dua Tbk."",""market_cap_rank"":8,""employee_num"":249,""point_summaries"":[{""name"":""value"",""point"":2,""maxpoint"":23},{""name"":""competitive"",""point"":22.5,""maxpoint"":25.5},{""name"":""future"",""point"":12,""maxpoint"":18},{""name"":""financials"",""point"":20,""maxpoint"":27},{""name"":""dividend"",""point"":3,""maxpoint"":19.5},{""updatedAt"":""2025-01-05T23:01:57.830Z""}]},{""symbol"":""ICBP.JK"",""name"":""Indofood CBP Sukses Makmur Tbk"",""market_cap_rank"":15,""employee_num"":35432,""point_summaries"":[{""name"":""value"",""point"":5.5,""maxpoint"":23},{""name"":""competitive"",""point"":20,""maxpoint"":25.5},{""name"":""future"",""point"":24,""maxpoint"":30},{""name"":""financials"",""point"":12,""maxpoint"":27},{""name"":""dividend"",""point"":7.5,""maxpoint"":21.5},{""updatedAt"":""2025-01-03T23:02:38.647Z""}]},{""symbol"":""INDF.JK"",""name"":""Indofood Sukses Makmur Tbk"",""market_cap_rank"":28,""employee_num"":94443,""point_summaries"":[{""name"":""value"",""point"":17.5,""maxpoint"":23},{""name"":""competitive"",""point"":18.5,""maxpoint"":25.5},{""name"":""future"",""point"":24,""maxpoint"":30},{""name"":""financials"",""point"":12,""maxpoint"":27},{""name"":""dividend"",""point"":12.5,""maxpoint"":21.5},{""updatedAt"":""2025-01-05T23:01:57.547Z""}]}]","{""symbol"":""PANI.JK"",""name"":""PT Pantai Indah Kapuk Dua Tbk."",""market_cap_change"":2.44007409377734}","{""symbol"":""PANI.JK"",""name"":""PT Pantai Indah Kapuk Dua Tbk."",""price_change"":2.18407960199005}"
Wireless Telecommunication Services,Wireless Telecommunication Services,321608275951616,15,"[{""symbol"":""ISAT.JK"",""name"":""PT Indosat Tbk"",""market_cap_rank"":23,""employee_num"":4067,""point_summaries"":[{""name"":""value"",""point"":7,""maxpoint"":20},{""name"":""competitive"",""point"":12.5,""maxpoint"":25.5},{""name"":""future"",""point"":28,""maxpoint"":30},{""name"":""financials"",""point"":4.5,""maxpoint"":27},{""name"":""dividend"",""point"":6,""maxpoint"":21.5},{""updatedAt"":""2025-01-03T23:02:38.685Z""}]},{""symbol"":""MTEL.JK"",""name"":""PT Dayamitra Telekomunikasi Tbk"",""market_cap_rank"":35,""employee_num"":506,""point_summaries"":[{""name"":""value"",""point"":5,""maxpoint"":23},{""name"":""competitive"",""point"":15,""maxpoint"":25.5},{""name"":""future"",""point"":22,""maxpoint"":30},{""name"":""financials"",""point"":11,""maxpoint"":27},{""name"":""dividend"",""point"":6,""maxpoint"":21.5},{""updatedAt"":""2025-01-05T23:01:57.770Z""}]},{""symbol"":""SUPR.JK"",""name"":""Solusi Tunas Pratama Tbk"",""market_cap_rank"":37,""employee_num"":179,""point_summaries"":[{""name"":""value"",""point"":0,""maxpoint"":20},{""name"":""competitive"",""point"":16,""maxpoint"":25.5},{""name"":""future"",""point"":16,""maxpoint"":18},{""name"":""financials"",""point"":21.5,""maxpoint"":27},{""name"":""dividend"",""point"":1.5,""maxpoint"":15.5},{""updatedAt"":""2025-01-05T23:01:58.087Z""}]}]","{""symbol"":""BALI.JK"",""name"":""PT Bali Towerindo Sentra Tbk."",""market_cap_change"":1.18124998750772}","{""symbol"":""BALI.JK"",""name"":""PT Bali Towerindo Sentra Tbk."",""price_change"":1.18125}"
Metals & Minerals,Diversified Metals & Minerals,257970021605376,15,"[{""symbol"":""BRMS.JK"",""name"":""Bumi Resources Minerals Tbk"",""market_cap_rank"":32,""employee_num"":802,""point_summaries"":[{""name"":""value"",""point"":0,""maxpoint"":20},{""name"":""competitive"",""point"":18,""maxpoint"":21},{""name"":""future"",""point"":12,""maxpoint"":18},{""name"":""financials"",""point"":14.5,""maxpoint"":27},{""name"":""dividend"",""point"":1.5,""maxpoint"":15.5},{""updatedAt"":""2025-01-05T23:01:57.188Z""}]},{""symbol"":""MBMA.JK"",""name"":""PT Merdeka Battery Materials Tbk"",""market_cap_rank"":38,""employee_num"":3487,""point_summaries"":[{""name"":""value"",""point"":1,""maxpoint"":23},{""name"":""competitive"",""point"":15,""maxpoint"":21},{""name"":""future"",""point"":18,""maxpoint"":30},{""name"":""financials"",""point"":13.5,""maxpoint"":27},{""name"":""dividend"",""point"":1.5,""maxpoint"":15.5},{""updatedAt"":""2025-01-09T23:02:53.869Z""}]},{""symbol"":""NCKL.JK"",""name"":""PT Trimegah Bangun Persada Tbk."",""market_cap_rank"":39,""employee_num"":10599,""point_summaries"":[{""name"":""value"",""point"":3.5,""maxpoint"":23},{""name"":""competitive"",""point"":13.5,""maxpoint"":21},{""name"":""future"",""point"":12,""maxpoint"":18},{""name"":""financials"",""point"":20.5,""maxpoint"":27},{""name"":""dividend"",""point"":12,""maxpoint"":21.5},{""updatedAt"":""2024-12-31T23:02:43.355Z""}]}]","{""symbol"":""DAAZ.JK"",""name"":""PT Daaz Bara Lestari Tbk"",""market_cap_change"":1.17757015479856}","{""symbol"":""DAAZ.JK"",""name"":""PT Daaz Bara Lestari Tbk"",""price_change"":1.17757009345794}"
Real Estate Management & Development,Real Estate Development & Management,239894574243840,92,"[{""symbol"":""MKPI.JK"",""name"":""Metropolitan Kentjana Tbk"",""market_cap_rank"":81,""employee_num"":905,""point_summaries"":[{""name"":""value"",""point"":1,""maxpoint"":23},{""name"":""competitive"",""point"":18,""maxpoint"":25.5},{""name"":""future"",""point"":10.5,""maxpoint"":18},{""name"":""financials"",""point"":18,""maxpoint"":27},{""name"":""dividend"",""point"":7,""maxpoint"":21.5},{""updatedAt"":""2025-01-05T23:01:57.748Z""}]},{""symbol"":""MPRO.JK"",""name"":""PT Maha Properti Indonesia Tbk."",""market_cap_rank"":86,""employee_num"":12,""point_summaries"":[{""name"":""value"",""point"":2,""maxpoint"":23},{""name"":""competitive"",""point"":7.5,""maxpoint"":25.5},{""name"":""future"",""point"":10.5,""maxpoint"":18},{""name"":""financials"",""point"":9,""maxpoint"":27},{""name"":""dividend"",""point"":1.5,""maxpoint"":15.5},{""updatedAt"":""2025-01-01T23:02:36.568Z""}]},{""symbol"":""BSDE.JK"",""name"":""PT Bumi Serpong Damai Tbk"",""market_cap_rank"":89,""employee_num"":3938,""point_summaries"":[{""name"":""value"",""point"":13,""maxpoint"":23},{""name"":""competitive"",""point"":18,""maxpoint"":25.5},{""name"":""future"",""point"":16.5,""maxpoint"":30},{""name"":""financials"",""point"":13.5,""maxpoint"":27},{""name"":""dividend"",""point"":1.5,""maxpoint"":15.5},{""updatedAt"":""2025-01-11T23:03:51.122Z""}]}]","{""symbol"":""SMDM.JK"",""name"":""Suryamas Dutamakmur Tbk"",""market_cap_change"":1.74869122671441}","{""symbol"":""SMDM.JK"",""name"":""Suryamas Dutamakmur Tbk"",""price_change"":1.74869109947644}"
Online Applications & Services,Online Applications & Services,206394589241344,19,"[{""symbol"":""GOTO.JK"",""name"":""PT GoTo Gojek Tokopedia Tbk"",""market_cap_rank"":20,""employee_num"":3431,""point_summaries"":[{""name"":""value"",""point"":3.5,""maxpoint"":23},{""name"":""competitive"",""point"":15.5,""maxpoint"":21},{""name"":""future"",""point"":27.5,""maxpoint"":30},{""name"":""financials"",""point"":9,""maxpoint"":27},{""name"":""dividend"",""point"":1.5,""maxpoint"":15.5},{""updatedAt"":""2025-01-03T23:02:38.598Z""}]},{""symbol"":""BELI.JK"",""name"":""PT Global Digital Niaga Tbk"",""market_cap_rank"":31,""employee_num"":4408,""point_summaries"":[{""name"":""value"",""point"":2,""maxpoint"":23},{""name"":""competitive"",""point"":12.5,""maxpoint"":21},{""name"":""future"",""point"":21.5,""maxpoint"":30},{""name"":""financials"",""point"":12,""maxpoint"":27},{""name"":""dividend"",""point"":1.5,""maxpoint"":15.5},{""updatedAt"":""2025-01-03T23:02:38.410Z""}]},{""symbol"":""EMTK.JK"",""name"":""Elang Mahkota Teknologi Tbk"",""market_cap_rank"":61,""employee_num"":9421,""point_summaries"":[{""name"":""value"",""point"":5,""maxpoint"":23},{""name"":""competitive"",""point"":15,""maxpoint"":21},{""name"":""future"",""point"":27.5,""maxpoint"":30},{""name"":""financials"",""point"":18.5,""maxpoint"":27},{""name"":""dividend"",""point"":5,""maxpoint"":21.5},{""updatedAt"":""2025-01-03T23:02:38.547Z""}]}]","{""symbol"":""WIFI.JK"",""name"":""PT Solusi Sinergi Digital Tbk"",""market_cap_change"":1.64516115736284}","{""symbol"":""WIFI.JK"",""name"":""PT Solusi Sinergi Digital Tbk"",""price_change"":1.64516129032258}"
Multi-sector Holdings,Multi-sector Holdings,200958232586240,5,"[{""symbol"":""ASII.JK"",""name"":""Astra International Tbk"",""market_cap_rank"":11,""employee_num"":136229,""point_summaries"":[{""name"":""value"",""point"":12.5,""maxpoint"":23},{""name"":""competitive"",""point"":12,""maxpoint"":21},{""name"":""future"",""point"":0,""maxpoint"":30},{""name"":""financials"",""point"":18.5,""maxpoint"":27},{""name"":""dividend"",""point"":14.5,""maxpoint"":21.5},{""updatedAt"":""2025-01-01T23:02:35.710Z""}]},{""symbol"":""BNBR.JK"",""name"":""Bakrie & Brothers Tbk"",""market_cap_rank"":184,""employee_num"":2778,""point_summaries"":[{""name"":""value"",""point"":6,""maxpoint"":23},{""name"":""competitive"",""point"":10.5,""maxpoint"":21},{""name"":""future"",""point"":0,""maxpoint"":18},{""name"":""financials"",""point"":16.5,""maxpoint"":27},{""name"":""dividend"",""point"":1.5,""maxpoint"":15.5},{""updatedAt"":""2025-01-05T23:01:57.169Z""}]},{""symbol"":""BHIT.JK"",""name"":""PT MNC Asia Holding Tbk"",""market_cap_rank"":271,""employee_num"":9732,""point_summaries"":[{""name"":""value"",""point"":12,""maxpoint"":23},{""name"":""competitive"",""point"":6,""maxpoint"":21},{""name"":""future"",""point"":0,""maxpoint"":18},{""name"":""financials"",""point"":12,""maxpoint"":27},{""name"":""dividend"",""point"":1.5,""maxpoint"":15.5},{""updatedAt"":""2025-01-05T23:01:57.130Z""}]}]","{""symbol"":""BNBR.JK"",""name"":""Bakrie & Brothers Tbk"",""market_cap_change"":4.07323722711954}","{""symbol"":""ASII.JK"",""name"":""Astra International Tbk"",""price_change"":-0.140350877192982}"
Holding & Investment Companies,Investment Companies,160292023455744,6,"[{""symbol"":""DNET.JK"",""name"":""PT Indoritel Makmur Internasional Tbk."",""market_cap_rank"":14,""employee_num"":209,""point_summaries"":[{""name"":""value"",""point"":0,""maxpoint"":20},{""name"":""competitive"",""point"":19.5,""maxpoint"":21},{""name"":""future"",""point"":3,""maxpoint"":3},{""name"":""financials"",""point"":11.5,""maxpoint"":27},{""name"":""dividend"",""point"":1.5,""maxpoint"":15.5},{""updatedAt"":""2025-01-07T23:01:56.806Z""}]},{""symbol"":""SRTG.JK"",""name"":""PT Saratoga Investama Sedaya Tbk."",""market_cap_rank"":75,""employee_num"":63,""point_summaries"":[{""name"":""value"",""point"":15,""maxpoint"":23},{""name"":""competitive"",""point"":14,""maxpoint"":21},{""name"":""future"",""point"":3,""maxpoint"":3},{""name"":""financials"",""point"":16.5,""maxpoint"":27},{""name"":""dividend"",""point"":3.5,""maxpoint"":21.5},{""updatedAt"":""2025-01-05T23:01:58.070Z""}]},{""symbol"":""PALM.JK"",""name"":""PT Provident Investasi Bersama Tbk"",""market_cap_rank"":180,""employee_num"":9,""point_summaries"":[{""name"":""value"",""point"":6,""maxpoint"":20},{""name"":""competitive"",""point"":6,""maxpoint"":21},{""name"":""future"",""point"":3,""maxpoint"":3},{""name"":""financials"",""point"":6,""maxpoint"":27},{""name"":""dividend"",""point"":1.5,""maxpoint"":21.5},{""updatedAt"":""2025-01-03T23:02:39.041Z""}]}]","{""symbol"":""NICK.JK"",""name"":""PT Charnic Capital Tbk."",""market_cap_change"":1.59999993961207}","{""symbol"":""NICK.JK"",""name"":""PT Charnic Capital Tbk."",""price_change"":1.6}"
Holding & Investment Companies,Financial Holdings,156835382722560,13,"[{""symbol"":""SMMA.JK"",""name"":""PT Sinar Mas Multiartha Tbk"",""market_cap_rank"":18,""employee_num"":55,""point_summaries"":[{""name"":""value"",""point"":1.5,""maxpoint"":18},{""name"":""competitive"",""point"":21.5,""maxpoint"":25.5},{""name"":""future"",""point"":3,""maxpoint"":3},{""name"":""financials"",""point"":10.5,""maxpoint"":21},{""name"":""dividend"",""point"":1.5,""maxpoint"":15.5},{""updatedAt"":""2025-01-03T23:02:39.261Z""}]},{""symbol"":""CASA.JK"",""name"":""PT Capital Financial Indonesia Tbk"",""market_cap_rank"":70,""employee_num"":961,""point_summaries"":[{""name"":""value"",""point"":3.5,""maxpoint"":20},{""name"":""competitive"",""point"":16.5,""maxpoint"":25.5},{""name"":""future"",""point"":3,""maxpoint"":3},{""name"":""financials"",""point"":12,""maxpoint"":27},{""name"":""dividend"",""point"":1.5,""maxpoint"":15.5},{""updatedAt"":""2025-01-05T23:01:57.234Z""}]},{""symbol"":""APIC.JK"",""name"":""PACIFIC STRATEGIC FINANCIAL Tbk"",""market_cap_rank"":118,""employee_num"":220,""point_summaries"":[{""name"":""value"",""point"":0,""maxpoint"":20},{""name"":""competitive"",""point"":13,""maxpoint"":21},{""name"":""future"",""point"":3,""maxpoint"":3},{""name"":""financials"",""point"":7,""maxpoint"":27},{""name"":""dividend"",""point"":1.5,""maxpoint"":15.5},{""updatedAt"":""2025-01-07T23:01:56.326Z""}]}]","{""symbol"":""VICO.JK"",""name"":""PT Victoria Investama Tbk."",""market_cap_change"":0.630252061912158}","{""symbol"":""VICO.JK"",""name"":""PT Victoria Investama Tbk."",""price_change"":0.630252100840336}"
Agricultural Products,Plantations & Crops,153841766436864,35,"[{""symbol"":""FAPA.JK"",""name"":""PT FAP Agri Tbk"",""market_cap_rank"":87,""employee_num"":16426,""point_summaries"":[{""name"":""value"",""point"":1,""maxpoint"":23},{""name"":""competitive"",""point"":12,""maxpoint"":25.5},{""name"":""future"",""point"":12,""maxpoint"":18},{""name"":""financials"",""point"":10,""maxpoint"":27},{""name"":""dividend"",""point"":1.5,""maxpoint"":15.5},{""updatedAt"":""2025-01-05T23:01:57.371Z""}]},{""symbol"":""TAPG.JK"",""name"":""PT Triputra Agro Persada Tbk."",""market_cap_rank"":102,""employee_num"":14705,""point_summaries"":[{""name"":""value"",""point"":11,""maxpoint"":23},{""name"":""competitive"",""point"":16.5,""maxpoint"":21},{""name"":""future"",""point"":12,""maxpoint"":18},{""name"":""financials"",""point"":22,""maxpoint"":27},{""name"":""dividend"",""point"":13,""maxpoint"":21.5},{""updatedAt"":""2025-01-05T23:01:58.091Z""}]},{""symbol"":""SSMS.JK"",""name"":""PT Sawit Sumbermas Sarana Tbk."",""market_cap_rank"":127,""employee_num"":11760,""point_summaries"":[{""name"":""value"",""point"":4,""maxpoint"":23},{""name"":""competitive"",""point"":17.5,""maxpoint"":21},{""name"":""future"",""point"":12,""maxpoint"":18},{""name"":""financials"",""point"":1.5,""maxpoint"":27},{""name"":""dividend"",""point"":5.5,""maxpoint"":21.5},{""updatedAt"":""2025-01-05T23:01:58.071Z""}]}]","{""symbol"":""FISH.JK"",""name"":""FKS Multi Agro Tbk"",""market_cap_change"":0.918918785942706}","{""symbol"":""FISH.JK"",""name"":""FKS Multi Agro Tbk"",""price_change"":0.918918918918919}"
Healthcare Providers,Healthcare Providers,152966599458816,14,"[{""symbol"":""SILO.JK"",""name"":""PT Siloam International Hospitals Tbk."",""market_cap_rank"":50,""employee_num"":14404,""point_summaries"":[{""name"":""value"",""point"":0,""maxpoint"":20},{""name"":""competitive"",""point"":25.5,""maxpoint"":25.5},{""name"":""future"",""point"":16,""maxpoint"":18},{""name"":""financials"",""point"":26,""maxpoint"":27},{""name"":""dividend"",""point"":5.5,""maxpoint"":21.5},{""updatedAt"":""2025-01-07T23:01:57.767Z""}]},{""symbol"":""MIKA.JK"",""name"":""PT Mitra Keluarga Karyasehat Tbk."",""market_cap_rank"":64,""employee_num"":8999,""point_summaries"":[{""name"":""value"",""point"":2,""maxpoint"":23},{""name"":""competitive"",""point"":18,""maxpoint"":25.5},{""name"":""future"",""point"":22,""maxpoint"":30},{""name"":""financials"",""point"":22.5,""maxpoint"":27},{""name"":""dividend"",""point"":7,""maxpoint"":21.5},{""updatedAt"":""2025-01-09T23:02:53.912Z""}]},{""symbol"":""SRAJ.JK"",""name"":""Sejahteraraya Anugrahjaya Tbk"",""market_cap_rank"":74,""employee_num"":3815,""point_summaries"":[{""name"":""value"",""point"":0,""maxpoint"":23},{""name"":""competitive"",""point"":18,""maxpoint"":25.5},{""name"":""future"",""point"":16,""maxpoint"":18},{""name"":""financials"",""point"":9.5,""maxpoint"":27},{""name"":""dividend"",""point"":1.5,""maxpoint"":15.5},{""updatedAt"":""2025-01-05T23:01:58.069Z""}]}]","{""symbol"":""SRAJ.JK"",""name"":""Sejahteraraya Anugrahjaya Tbk"",""market_cap_change"":6.71241854700463}","{""symbol"":""SRAJ.JK"",""name"":""Sejahteraraya Anugrahjaya Tbk"",""price_change"":6.71241830065359}"
IT Services & Consulting,IT Services & Consulting,138665623732224,10,"[{""symbol"":""DCII.JK"",""name"":""PT DCI Indonesia Tbk"",""market_cap_rank"":19,""employee_num"":115,""point_summaries"":[{""name"":""value"",""point"":0,""maxpoint"":23},{""name"":""competitive"",""point"":15,""maxpoint"":21},{""name"":""future"",""point"":15.5,""maxpoint"":18},{""name"":""financials"",""point"":23,""maxpoint"":27},{""name"":""dividend"",""point"":1.5,""maxpoint"":15.5},{""updatedAt"":""2025-01-09T23:02:53.179Z""}]},{""symbol"":""MLPT.JK"",""name"":""PT Multipolar Technology Tbk."",""market_cap_rank"":59,""employee_num"":924,""point_summaries"":[{""name"":""value"",""point"":0,""maxpoint"":20},{""name"":""competitive"",""point"":21,""maxpoint"":21},{""name"":""future"",""point"":15.5,""maxpoint"":18},{""name"":""financials"",""point"":14,""maxpoint"":27},{""name"":""dividend"",""point"":7,""maxpoint"":21.5},{""updatedAt"":""2025-01-05T23:01:57.751Z""}]},{""symbol"":""EDGE.JK"",""name"":""PT Indointernet Tbk."",""market_cap_rank"":162,""employee_num"":281,""point_summaries"":[{""name"":""value"",""point"":0,""maxpoint"":23},{""name"":""competitive"",""point"":4.5,""maxpoint"":21},{""name"":""future"",""point"":15.5,""maxpoint"":18},{""name"":""financials"",""point"":16,""maxpoint"":27},{""name"":""dividend"",""point"":1.5,""maxpoint"":15.5},{""updatedAt"":""2025-01-01T23:02:36.008Z""}]}]","{""symbol"":""MLPT.JK"",""name"":""PT Multipolar Technology Tbk."",""market_cap_change"":10.9354838476903}","{""symbol"":""MLPT.JK"",""name"":""PT Multipolar Technology Tbk."",""price_change"":10.9354838709677}"
Food & Staples Retailing,Supermarkets & Convenience Store,137319464894464,6,"[{""symbol"":""AMRT.JK"",""name"":""PT Sumber Alfaria Trijaya Tbk."",""market_cap_rank"":17,""employee_num"":92771,""point_summaries"":[{""name"":""value"",""point"":2,""maxpoint"":23},{""name"":""competitive"",""point"":15,""maxpoint"":21},{""name"":""future"",""point"":19.5,""maxpoint"":30},{""name"":""financials"",""point"":24.5,""maxpoint"":27},{""name"":""dividend"",""point"":7,""maxpoint"":21.5},{""updatedAt"":""2025-01-03T23:02:38.344Z""}]},{""symbol"":""MIDI.JK"",""name"":""Midi Utama Indonesia Tbk"",""market_cap_rank"":112,""employee_num"":13936,""point_summaries"":[{""name"":""value"",""point"":5,""maxpoint"":23},{""name"":""competitive"",""point"":13,""maxpoint"":21},{""name"":""future"",""point"":19.5,""maxpoint"":30},{""name"":""financials"",""point"":25.5,""maxpoint"":27},{""name"":""dividend"",""point"":5.5,""maxpoint"":21.5},{""updatedAt"":""2025-01-09T23:02:53.911Z""}]},{""symbol"":""HERO.JK"",""name"":""Hero Supermarket Tbk"",""market_cap_rank"":296,""employee_num"":3955,""point_summaries"":[{""name"":""value"",""point"":3,""maxpoint"":23},{""name"":""competitive"",""point"":4.5,""maxpoint"":21},{""name"":""future"",""point"":13.5,""maxpoint"":18},{""name"":""financials"",""point"":3,""maxpoint"":27},{""name"":""dividend"",""point"":1.5,""maxpoint"":15.5},{""updatedAt"":""2025-01-07T23:01:57.053Z""}]}]","{""symbol"":""MLPL.JK"",""name"":""Multipolar Tbk"",""market_cap_change"":0.295652339180584}","{""symbol"":""MLPL.JK"",""name"":""Multipolar Tbk"",""price_change"":0.301369863013699}"
Pharmaceuticals,Pharmaceuticals,106051986624512,13,"[{""symbol"":""KLBF.JK"",""name"":""Kalbe Farma Tbk"",""market_cap_rank"":33,""employee_num"":12924,""point_summaries"":[{""name"":""value"",""point"":1,""maxpoint"":23},{""name"":""competitive"",""point"":15,""maxpoint"":21},{""name"":""future"",""point"":28,""maxpoint"":30},{""name"":""financials"",""point"":23,""maxpoint"":27},{""name"":""dividend"",""point"":7,""maxpoint"":21.5},{""updatedAt"":""2025-01-05T23:01:57.647Z""}]},{""symbol"":""SIDO.JK"",""name"":""PT Industri Jamu Dan Farmasi Sido Muncul Tbk"",""market_cap_rank"":96,""employee_num"":3589,""point_summaries"":[{""name"":""value"",""point"":3,""maxpoint"":23},{""name"":""competitive"",""point"":19.5,""maxpoint"":21},{""name"":""future"",""point"":22,""maxpoint"":30},{""name"":""financials"",""point"":22.5,""maxpoint"":27},{""name"":""dividend"",""point"":13,""maxpoint"":21.5},{""updatedAt"":""2025-01-09T23:02:54.232Z""}]},{""symbol"":""TSPC.JK"",""name"":""Tempo Scan Pacific Tbk"",""market_cap_rank"":132,""employee_num"":4500,""point_summaries"":[{""name"":""value"",""point"":8,""maxpoint"":20},{""name"":""competitive"",""point"":16,""maxpoint"":21},{""name"":""future"",""point"":16,""maxpoint"":18},{""name"":""financials"",""point"":22.5,""maxpoint"":27},{""name"":""dividend"",""point"":17.5,""maxpoint"":21.5},{""updatedAt"":""2025-01-03T23:02:39.399Z""}]}]","{""symbol"":""PYFA.JK"",""name"":""PT Pyridam Farma Tbk"",""market_cap_change"":2.80173077432729}","{""symbol"":""PEVE.JK"",""name"":""PT Penta Valent Tbk"",""price_change"":0.647058823529412}"
Machinery,Construction Machinery & Heavy Vehicles,102615110240256,12,"[{""symbol"":""UNTR.JK"",""name"":""United Tractors Tbk"",""market_cap_rank"":21,""employee_num"":39004,""point_summaries"":[{""name"":""value"",""point"":13.5,""maxpoint"":23},{""name"":""competitive"",""point"":16.5,""maxpoint"":21},{""name"":""future"",""point"":4.5,""maxpoint"":18},{""name"":""financials"",""point"":15.5,""maxpoint"":27},{""name"":""dividend"",""point"":18,""maxpoint"":21.5},{""updatedAt"":""2024-12-31T23:02:43.892Z""}]},{""symbol"":""HEXA.JK"",""name"":""Hexindo Adiperkasa Tbk"",""market_cap_rank"":221,""employee_num"":1924,""point_summaries"":[{""name"":""value"",""point"":12,""maxpoint"":23},{""name"":""competitive"",""point"":9.5,""maxpoint"":21},{""name"":""future"",""point"":4.5,""maxpoint"":18},{""name"":""financials"",""point"":9.5,""maxpoint"":27},{""name"":""dividend"",""point"":13,""maxpoint"":19.5},{""updatedAt"":""2025-01-05T23:01:57.506Z""}]},{""symbol"":""SKRN.JK"",""name"":""PT Superkrane Mitra Utama Tbk"",""market_cap_rank"":287,""employee_num"":478,""point_summaries"":[{""name"":""value"",""point"":2,""maxpoint"":20},{""name"":""competitive"",""point"":7.5,""maxpoint"":21},{""name"":""future"",""point"":4.5,""maxpoint"":18},{""name"":""financials"",""point"":11,""maxpoint"":27},{""name"":""dividend"",""point"":10,""maxpoint"":21.5},{""updatedAt"":""2025-01-03T23:02:39.242Z""}]}]","{""symbol"":""SMIL.JK"",""name"":""PT Sarana Mitra Luas Tbk"",""market_cap_change"":0.611599737596332}","{""symbol"":""SMIL.JK"",""name"":""PT Sarana Mitra Luas Tbk"",""price_change"":0.611570247933884}"
Agricultural Products,"Fish, Meat, & Poultry",101557823620855,20,"[{""symbol"":""CPIN.JK"",""name"":""Charoen Pokphand Indonesia Tbk"",""market_cap_rank"":24,""employee_num"":9581,""point_summaries"":[{""name"":""value"",""point"":3,""maxpoint"":23},{""name"":""competitive"",""point"":15,""maxpoint"":21},{""name"":""future"",""point"":24,""maxpoint"":30},{""name"":""financials"",""point"":12,""maxpoint"":27},{""name"":""dividend"",""point"":4.5,""maxpoint"":21.5},{""updatedAt"":""2025-01-03T23:02:38.499Z""}]},{""symbol"":""JPFA.JK"",""name"":""JAPFA Comfeed Indonesia Tbk"",""market_cap_rank"":97,""employee_num"":30653,""point_summaries"":[{""name"":""value"",""point"":11.5,""maxpoint"":23},{""name"":""competitive"",""point"":18,""maxpoint"":21},{""name"":""future"",""point"":24,""maxpoint"":30},{""name"":""financials"",""point"":7.5,""maxpoint"":27},{""name"":""dividend"",""point"":14,""maxpoint"":21.5},{""updatedAt"":""2025-01-05T23:01:57.594Z""}]},{""symbol"":""CPRO.JK"",""name"":""Central Proteina Prima Tbk"",""market_cap_rank"":258,""employee_num"":1764,""point_summaries"":[{""name"":""value"",""point"":13.5,""maxpoint"":23},{""name"":""competitive"",""point"":6,""maxpoint"":21},{""name"":""future"",""point"":12,""maxpoint"":18},{""name"":""financials"",""point"":13,""maxpoint"":27},{""name"":""dividend"",""point"":1.5,""maxpoint"":15.5},{""updatedAt"":""2025-01-01T23:02:35.945Z""}]}]","{""symbol"":""AGAR.JK"",""name"":""PT Asia Sejahtera Mina Tbk"",""market_cap_change"":1.13207544399288}","{""symbol"":""AGAR.JK"",""name"":""PT Asia Sejahtera Mina Tbk"",""price_change"":1.13207547169811}"
Oil & Gas,Oil & Gas Storage & Distribution,89247703752704,14,"[{""symbol"":""PGAS.JK"",""name"":""PT Perusahaan Gas Negara Tbk."",""market_cap_rank"":49,""employee_num"":3334,""point_summaries"":[{""name"":""value"",""point"":10.5,""maxpoint"":20},{""name"":""competitive"",""point"":19.5,""maxpoint"":21},{""name"":""future"",""point"":6.5,""maxpoint"":30},{""name"":""financials"",""point"":18.5,""maxpoint"":27},{""name"":""dividend"",""point"":12,""maxpoint"":21.5},{""updatedAt"":""2025-01-03T23:02:39.061Z""}]},{""symbol"":""AKRA.JK"",""name"":""PT AKR Corporindo Tbk."",""market_cap_rank"":80,""employee_num"":2039,""point_summaries"":[{""name"":""value"",""point"":7.5,""maxpoint"":23},{""name"":""competitive"",""point"":13.5,""maxpoint"":21},{""name"":""future"",""point"":10.5,""maxpoint"":30},{""name"":""financials"",""point"":16.5,""maxpoint"":27},{""name"":""dividend"",""point"":13,""maxpoint"":21.5},{""updatedAt"":""2025-01-07T23:01:56.288Z""}]},{""symbol"":""RAJA.JK"",""name"":""Rukun Raharja Tbk"",""market_cap_rank"":113,""employee_num"":674,""point_summaries"":[{""name"":""value"",""point"":0,""maxpoint"":23},{""name"":""competitive"",""point"":21,""maxpoint"":21},{""name"":""future"",""point"":4.5,""maxpoint"":18},{""name"":""financials"",""point"":11.5,""maxpoint"":27},{""name"":""dividend"",""point"":5,""maxpoint"":21.5},{""updatedAt"":""2025-01-03T23:02:39.199Z""}]}]","{""symbol"":""LEAD.JK"",""name"":""PT Logindo Samudramakmur Tbk."",""market_cap_change"":1.1030177085159}","{""symbol"":""RAJA.JK"",""name"":""Rukun Raharja Tbk"",""price_change"":0.783606557377049}"
Personal Care Products,Personal Care Products,79004578377728,12,"[{""symbol"":""UNVR.JK"",""name"":""Unilever Indonesia Tbk"",""market_cap_rank"":29,""employee_num"":4451,""point_summaries"":[{""name"":""value"",""point"":4,""maxpoint"":23},{""name"":""competitive"",""point"":13.5,""maxpoint"":21},{""name"":""future"",""point"":5,""maxpoint"":30},{""name"":""financials"",""point"":20.5,""maxpoint"":27},{""name"":""dividend"",""point"":13,""maxpoint"":21.5},{""updatedAt"":""2025-01-05T23:01:58.168Z""}]},{""symbol"":""VICI.JK"",""name"":""PT Victoria Care Indonesia Tbk"",""market_cap_rank"":216,""employee_num"":2600,""point_summaries"":[{""name"":""value"",""point"":0,""maxpoint"":23},{""name"":""competitive"",""point"":9.5,""maxpoint"":21},{""name"":""future"",""point"":3,""maxpoint"":18},{""name"":""financials"",""point"":25,""maxpoint"":27},{""name"":""dividend"",""point"":6.5,""maxpoint"":21.5},{""updatedAt"":""2025-01-05T23:01:58.187Z""}]},{""symbol"":""UCID.JK"",""name"":""PT Uni-Charm Indonesia Tbk."",""market_cap_rank"":251,""employee_num"":2018,""point_summaries"":[{""name"":""value"",""point"":14,""maxpoint"":23},{""name"":""competitive"",""point"":6,""maxpoint"":21},{""name"":""future"",""point"":3,""maxpoint"":18},{""name"":""financials"",""point"":25.5,""maxpoint"":27},{""name"":""dividend"",""point"":5.5,""maxpoint"":21.5},{""updatedAt"":""2025-01-05T23:01:58.150Z""}]}]","{""symbol"":""NANO.JK"",""name"":""PT Nanotech Indonesia Global Tbk"",""market_cap_change"":0.529418908743492}","{""symbol"":""NANO.JK"",""name"":""PT Nanotech Indonesia Global Tbk"",""price_change"":0.529411764705882}"
Construction Materials,Construction Materials,68339622500352,13,"[{""symbol"":""INTP.JK"",""name"":""Indocement Tunggal Prakarsa Tbk"",""market_cap_rank"":85,""employee_num"":4606,""point_summaries"":[{""name"":""value"",""point"":10.5,""maxpoint"":23},{""name"":""competitive"",""point"":13.5,""maxpoint"":21},{""name"":""future"",""point"":18,""maxpoint"":30},{""name"":""financials"",""point"":17.5,""maxpoint"":27},{""name"":""dividend"",""point"":5.5,""maxpoint"":21.5},{""updatedAt"":""2025-01-03T23:02:38.681Z""}]},{""symbol"":""SMGR.JK"",""name"":""Semen Indonesia (Persero) Tbk"",""market_cap_rank"":88,""employee_num"":9450,""point_summaries"":[{""name"":""value"",""point"":13.5,""maxpoint"":23},{""name"":""competitive"",""point"":15,""maxpoint"":21},{""name"":""future"",""point"":22,""maxpoint"":30},{""name"":""financials"",""point"":12,""maxpoint"":27},{""name"":""dividend"",""point"":7,""maxpoint"":21.5},{""updatedAt"":""2025-01-05T23:01:58.006Z""}]},{""symbol"":""CMNT.JK"",""name"":""PT Cemindo Gemilang Tbk"",""market_cap_rank"":103,""employee_num"":3842,""point_summaries"":[{""name"":""value"",""point"":2,""maxpoint"":20},{""name"":""competitive"",""point"":10.5,""maxpoint"":21},{""name"":""future"",""point"":12,""maxpoint"":18},{""name"":""financials"",""point"":6,""maxpoint"":27},{""name"":""dividend"",""point"":1.5,""maxpoint"":15.5},{""updatedAt"":""2025-01-03T23:02:38.482Z""}]}]","{""symbol"":""AYLS.JK"",""name"":""PT Agro Yasa Lestari Tbk"",""market_cap_change"":1.5294118754209}","{""symbol"":""AYLS.JK"",""name"":""PT Agro Yasa Lestari Tbk"",""price_change"":1.52941176470588}"
Coal,Coal Distribution,66308948475904,20,"[{""symbol"":""TCPI.JK"",""name"":""PT Transcoal Pacific Tbk."",""market_cap_rank"":63,""employee_num"":84,""point_summaries"":[{""name"":""value"",""point"":0,""maxpoint"":23},{""name"":""competitive"",""point"":12,""maxpoint"":21},{""name"":""future"",""point"":4.5,""maxpoint"":18},{""name"":""financials"",""point"":13.5,""maxpoint"":27},{""name"":""dividend"",""point"":6.5,""maxpoint"":19.5},{""updatedAt"":""2025-01-05T23:01:58.107Z""}]},{""symbol"":""ALII.JK"",""name"":""PT Ancara Logistics Indonesia Tbk"",""market_cap_rank"":185,""employee_num"":91,""point_summaries"":[{""name"":""value"",""point"":2,""maxpoint"":23},{""name"":""competitive"",""point"":10,""maxpoint"":15},{""name"":""future"",""point"":4.5,""maxpoint"":18},{""name"":""financials"",""point"":12.5,""maxpoint"":27},{""name"":""dividend"",""point"":1.5,""maxpoint"":15.5},{""updatedAt"":""2024-12-25T23:02:14.653Z""}]},{""symbol"":""SGER.JK"",""name"":""PT Sumber Global Energy Tbk."",""market_cap_rank"":188,""employee_num"":75,""point_summaries"":[{""name"":""value"",""point"":5,""maxpoint"":23},{""name"":""competitive"",""point"":11.5,""maxpoint"":21},{""name"":""future"",""point"":4.5,""maxpoint"":18},{""name"":""financials"",""point"":14.5,""maxpoint"":27},{""name"":""dividend"",""point"":9.5,""maxpoint"":19.5},{""updatedAt"":""2025-01-05T23:01:57.989Z""}]}]","{""symbol"":""DWGL.JK"",""name"":""PT Dwi Guna Laksana Tbk"",""market_cap_change"":1.11864409017838}","{""symbol"":""DWGL.JK"",""name"":""PT Dwi Guna Laksana Tbk"",""price_change"":1.11864406779661}"
Auto Components,Tires,64383235883008,5,"[{""symbol"":""MASA.JK"",""name"":""Multistrada Arah Sarana Tbk"",""market_cap_rank"":34,""employee_num"":2710,""point_summaries"":[{""name"":""value"",""point"":0,""maxpoint"":20},{""name"":""competitive"",""point"":21,""maxpoint"":21},{""name"":""future"",""point"":7.5,""maxpoint"":18},{""name"":""financials"",""point"":27,""maxpoint"":27},{""name"":""dividend"",""point"":3.5,""maxpoint"":21.5},{""updatedAt"":""2025-01-03T23:02:38.900Z""}]},{""symbol"":""GJTL.JK"",""name"":""Gajah Tunggal Tbk"",""market_cap_rank"":226,""employee_num"":16999,""point_summaries"":[{""name"":""value"",""point"":20,""maxpoint"":23},{""name"":""competitive"",""point"":3.5,""maxpoint"":21},{""name"":""future"",""point"":7.5,""maxpoint"":18},{""name"":""financials"",""point"":16.5,""maxpoint"":27},{""name"":""dividend"",""point"":9.5,""maxpoint"":21.5},{""updatedAt"":""2025-01-05T23:01:57.428Z""}]},{""symbol"":""BRAM.JK"",""name"":""Indo Kordsa Tbk"",""market_cap_rank"":272,""employee_num"":1503,""point_summaries"":[{""name"":""value"",""point"":8,""maxpoint"":20},{""name"":""competitive"",""point"":3,""maxpoint"":21},{""name"":""future"",""point"":7.5,""maxpoint"":18},{""name"":""financials"",""point"":19.5,""maxpoint"":27},{""name"":""dividend"",""point"":14.5,""maxpoint"":21.5},{""updatedAt"":""2025-01-07T23:01:56.547Z""}]}]","{""symbol"":""MASA.JK"",""name"":""Multistrada Arah Sarana Tbk"",""market_cap_change"":0.623036629182355}","{""symbol"":""MASA.JK"",""name"":""Multistrada Arah Sarana Tbk"",""price_change"":0.62303664921466}"
"Oil, Gas & Coal Supports","Oil, Gas & Coal Equipment & Services",62659197423616,21,"[{""symbol"":""PTRO.JK"",""name"":""Petrosea Tbk"",""market_cap_rank"":58,""employee_num"":4031,""point_summaries"":[{""name"":""value"",""point"":0,""maxpoint"":23},{""name"":""competitive"",""point"":21,""maxpoint"":21},{""name"":""future"",""point"":10.5,""maxpoint"":30},{""name"":""financials"",""point"":5.5,""maxpoint"":27},{""name"":""dividend"",""point"":2,""maxpoint"":21.5},{""updatedAt"":""2025-01-05T23:01:57.893Z""}]},{""symbol"":""HILL.JK"",""name"":""PT Hillcon Tbk"",""market_cap_rank"":172,""employee_num"":2241,""point_summaries"":[{""name"":""value"",""point"":1,""maxpoint"":23},{""name"":""competitive"",""point"":15,""maxpoint"":21},{""name"":""future"",""point"":16.5,""maxpoint"":30},{""name"":""financials"",""point"":6,""maxpoint"":27},{""name"":""dividend"",""point"":1.5,""maxpoint"":19.5},{""updatedAt"":""2024-12-31T23:02:42.957Z""}]},{""symbol"":""DOID.JK"",""name"":""Delta Dunia Makmur Tbk"",""market_cap_rank"":215,""employee_num"":16268,""point_summaries"":[{""name"":""value"",""point"":11,""maxpoint"":23},{""name"":""competitive"",""point"":10.5,""maxpoint"":21},{""name"":""future"",""point"":4.5,""maxpoint"":18},{""name"":""financials"",""point"":3,""maxpoint"":27},{""name"":""dividend"",""point"":3,""maxpoint"":18.5},{""updatedAt"":""2024-12-31T23:02:42.760Z""}]}]","{""symbol"":""BOAT.JK"",""name"":""PT Newport Marine Services Tbk"",""market_cap_change"":519.992400691943}","{""symbol"":""PTRO.JK"",""name"":""Petrosea Tbk"",""price_change"":3.86784140969163}"
Tourism & Recreation,"Hotels, Resorts & Cruise Lines",60856595621888,30,"[{""symbol"":""JSPT.JK"",""name"":""Jakarta Setiabudi Internasional Tbk"",""market_cap_rank"":67,""employee_num"":782,""point_summaries"":[{""name"":""value"",""point"":0,""maxpoint"":20},{""name"":""competitive"",""point"":21,""maxpoint"":21},{""name"":""future"",""point"":13.5,""maxpoint"":18},{""name"":""financials"",""point"":7.5,""maxpoint"":27},{""name"":""dividend"",""point"":1.5,""maxpoint"":21.5},{""updatedAt"":""2025-01-03T23:02:38.720Z""}]},{""symbol"":""KPIG.JK"",""name"":""MNC Land Tbk"",""market_cap_rank"":114,""employee_num"":312,""point_summaries"":[{""name"":""value"",""point"":4,""maxpoint"":20},{""name"":""competitive"",""point"":19,""maxpoint"":21},{""name"":""future"",""point"":13.5,""maxpoint"":18},{""name"":""financials"",""point"":16,""maxpoint"":27},{""name"":""dividend"",""point"":1.5,""maxpoint"":15.5},{""updatedAt"":""2025-01-07T23:01:57.282Z""}]},{""symbol"":""JIHD.JK"",""name"":""Jakarta International Hotels & Development Tbk"",""market_cap_rank"":224,""employee_num"":1925,""point_summaries"":[{""name"":""value"",""point"":11.5,""maxpoint"":23},{""name"":""competitive"",""point"":17,""maxpoint"":21},{""name"":""future"",""point"":13.5,""maxpoint"":18},{""name"":""financials"",""point"":21.5,""maxpoint"":27},{""name"":""dividend"",""point"":1.5,""maxpoint"":15.5},{""updatedAt"":""2025-01-03T23:02:38.703Z""}]}]","{""symbol"":""JSPT.JK"",""name"":""Jakarta Setiabudi Internasional Tbk"",""market_cap_change"":6.56809343211394}","{""symbol"":""JSPT.JK"",""name"":""Jakarta Setiabudi Internasional Tbk"",""price_change"":6.56809338521401}"
Specialty Retail,Home Improvement Retail,60006734839808,7,"[{""symbol"":""MDIY.JK"",""name"":""PT Daya Intiguna Yasa Tbk"",""market_cap_rank"":45,""employee_num"":null,""point_summaries"":[{""name"":""value"",""point"":null,""maxpoint"":null},{""name"":""competitive"",""point"":7.5,""maxpoint"":10.5},{""name"":""future"",""point"":18,""maxpoint"":18},{""name"":""financials"",""point"":0,""maxpoint"":0},{""name"":""dividend"",""point"":1.5,""maxpoint"":15.5},{""updatedAt"":""2025-01-05T23:01:57.714Z""}]},{""symbol"":""ACES.JK"",""name"":""PT Aspirasi Hidup Indonesia Tbk"",""market_cap_rank"":123,""employee_num"":14201,""point_summaries"":[{""name"":""value"",""point"":6.5,""maxpoint"":23},{""name"":""competitive"",""point"":13.5,""maxpoint"":21},{""name"":""future"",""point"":24,""maxpoint"":30},{""name"":""financials"",""point"":17,""maxpoint"":27},{""name"":""dividend"",""point"":7.5,""maxpoint"":21.5},{""updatedAt"":""2025-01-05T23:01:56.966Z""}]},{""symbol"":""CSAP.JK"",""name"":""Catur Sentosa Adiprana Tbk"",""market_cap_rank"":278,""employee_num"":9522,""point_summaries"":[{""name"":""value"",""point"":6,""maxpoint"":23},{""name"":""competitive"",""point"":6,""maxpoint"":21},{""name"":""future"",""point"":18,""maxpoint"":18},{""name"":""financials"",""point"":4,""maxpoint"":27},{""name"":""dividend"",""point"":5,""maxpoint"":19.5},{""updatedAt"":""2025-01-05T23:01:57.274Z""}]}]","{""symbol"":""MDIY.JK"",""name"":""PT Daya Intiguna Yasa Tbk"",""market_cap_change"":9.53254719528799}","{""symbol"":""KLIN.JK"",""name"":""PT Klinko Karya Imaji Tbk"",""price_change"":5.75}"
Processed Foods,Dairy Products,59060271202304,5,"[{""symbol"":""CMRY.JK"",""name"":""PT Cisarua Mountain Dairy Tbk"",""market_cap_rank"":55,""employee_num"":857,""point_summaries"":[{""name"":""value"",""point"":0,""maxpoint"":20},{""name"":""competitive"",""point"":12,""maxpoint"":25.5},{""name"":""future"",""point"":18,""maxpoint"":30},{""name"":""financials"",""point"":9.5,""maxpoint"":12},{""name"":""dividend"",""point"":6,""maxpoint"":21.5},{""updatedAt"":""2025-01-05T23:01:57.267Z""}]},{""symbol"":""ULTJ.JK"",""name"":""PT Ultrajaya Milk Industry & Trading Company Tbk"",""market_cap_rank"":100,""employee_num"":1373,""point_summaries"":[{""name"":""value"",""point"":4.5,""maxpoint"":23},{""name"":""competitive"",""point"":8.5,""maxpoint"":25.5},{""name"":""future"",""point"":12,""maxpoint"":18},{""name"":""financials"",""point"":25.5,""maxpoint"":27},{""name"":""dividend"",""point"":7,""maxpoint"":21.5},{""updatedAt"":""2025-01-05T23:01:58.152Z""}]},{""symbol"":""KEJU.JK"",""name"":""PT Mulia Boga Raya Tbk"",""market_cap_rank"":203,""employee_num"":355,""point_summaries"":[{""name"":""value"",""point"":0,""maxpoint"":20},{""name"":""competitive"",""point"":10.5,""maxpoint"":21},{""name"":""future"",""point"":12,""maxpoint"":18},{""name"":""financials"",""point"":7.5,""maxpoint"":12},{""name"":""dividend"",""point"":11,""maxpoint"":21.5},{""updatedAt"":""2025-01-05T23:01:57.629Z""}]}]","{""symbol"":""KEJU.JK"",""name"":""PT Mulia Boga Raya Tbk"",""market_cap_change"":1.64130419751038}","{""symbol"":""CMRY.JK"",""name"":""PT Cisarua Mountain Dairy Tbk"",""price_change"":0.353383458646617}"
Forestry & Paper,Paper,54620996689919,6,"[{""symbol"":""INKP.JK"",""name"":""Indah Kiat Pulp & Paper Tbk"",""market_cap_rank"":57,""employee_num"":11000,""point_summaries"":[{""name"":""value"",""point"":17.5,""maxpoint"":23},{""name"":""competitive"",""point"":12,""maxpoint"":21},{""name"":""future"",""point"":24,""maxpoint"":30},{""name"":""financials"",""point"":9.5,""maxpoint"":27},{""name"":""dividend"",""point"":3.5,""maxpoint"":19.5},{""updatedAt"":""2025-01-07T23:01:57.130Z""}]},{""symbol"":""TKIM.JK"",""name"":""Pabrik Kertas Tjiwi Kimia Tbk"",""market_cap_rank"":93,""employee_num"":5300,""point_summaries"":[{""name"":""value"",""point"":5,""maxpoint"":23},{""name"":""competitive"",""point"":12,""maxpoint"":21},{""name"":""future"",""point"":12,""maxpoint"":18},{""name"":""financials"",""point"":13.5,""maxpoint"":27},{""name"":""dividend"",""point"":7,""maxpoint"":21.5},{""updatedAt"":""2024-12-31T23:02:43.793Z""}]},{""symbol"":""INRU.JK"",""name"":""Toba Pulp Lestari Tbk"",""market_cap_rank"":506,""employee_num"":1129,""point_summaries"":[{""name"":""value"",""point"":null,""maxpoint"":null},{""name"":""competitive"",""point"":0,""maxpoint"":16.5},{""name"":""future"",""point"":12,""maxpoint"":18},{""name"":""financials"",""point"":0,""maxpoint"":7.5},{""name"":""dividend"",""point"":1.5,""maxpoint"":15.5},{""updatedAt"":""2025-01-09T23:02:53.580Z""}]}]","{""symbol"":""INTD.JK"",""name"":""Inter-Delta Tbk"",""market_cap_change"":0.522388072035518}","{""symbol"":""INTD.JK"",""name"":""Inter-Delta Tbk"",""price_change"":0.522388059701492}"
Specialty Retail,Apparel & Textile Retail,52728421941248,5,"[{""symbol"":""MAPA.JK"",""name"":""PT MAP Aktif Adiperkasa Tbk."",""market_cap_rank"":73,""employee_num"":13086,""point_summaries"":[{""name"":""value"",""point"":1,""maxpoint"":23},{""name"":""competitive"",""point"":21,""maxpoint"":21},{""name"":""future"",""point"":18,""maxpoint"":18},{""name"":""financials"",""point"":18.5,""maxpoint"":27},{""name"":""dividend"",""point"":3,""maxpoint"":21.5},{""updatedAt"":""2025-01-05T23:01:57.695Z""}]},{""symbol"":""MAPI.JK"",""name"":""Mitra Adiperkasa Tbk"",""market_cap_rank"":84,""employee_num"":29569,""point_summaries"":[{""name"":""value"",""point"":7.5,""maxpoint"":23},{""name"":""competitive"",""point"":13.5,""maxpoint"":21},{""name"":""future"",""point"":30,""maxpoint"":30},{""name"":""financials"",""point"":10,""maxpoint"":27},{""name"":""dividend"",""point"":3,""maxpoint"":21.5},{""updatedAt"":""2025-01-05T23:01:57.695Z""}]},{""symbol"":""BABY.JK"",""name"":""PT Multitrend Indo Tbk."",""market_cap_rank"":441,""employee_num"":1085,""point_summaries"":[{""name"":""value"",""point"":null,""maxpoint"":null},{""name"":""competitive"",""point"":6,""maxpoint"":16.5},{""name"":""future"",""point"":18,""maxpoint"":18},{""name"":""financials"",""point"":0,""maxpoint"":0},{""name"":""dividend"",""point"":1.5,""maxpoint"":15.5},{""updatedAt"":""2025-01-03T23:02:38.400Z""}]}]","{""symbol"":""BABY.JK"",""name"":""PT Multitrend Indo Tbk."",""market_cap_change"":0.905680725021342}","{""symbol"":""BABY.JK"",""name"":""PT Multitrend Indo Tbk."",""price_change"":0.943820224719101}"
Consumer Financing,Consumer Financing,51954317656064,15,"[{""symbol"":""MFIN.JK"",""name"":""PT Mandala Multifinance Tbk."",""market_cap_rank"":90,""employee_num"":6189,""point_summaries"":[{""name"":""value"",""point"":2,""maxpoint"":23},{""name"":""competitive"",""point"":21,""maxpoint"":21},{""name"":""future"",""point"":10.5,""maxpoint"":18},{""name"":""financials"",""point"":11,""maxpoint"":27},{""name"":""dividend"",""point"":5.5,""maxpoint"":21.5},{""updatedAt"":""2025-01-03T23:02:38.918Z""}]},{""symbol"":""BFIN.JK"",""name"":""BFI Finance Indonesia Tbk"",""market_cap_rank"":119,""employee_num"":5838,""point_summaries"":[{""name"":""value"",""point"":2.5,""maxpoint"":23},{""name"":""competitive"",""point"":13.5,""maxpoint"":21},{""name"":""future"",""point"":18.5,""maxpoint"":30},{""name"":""financials"",""point"":6.5,""maxpoint"":27},{""name"":""dividend"",""point"":16,""maxpoint"":21.5},{""updatedAt"":""2025-01-03T23:02:38.419Z""}]},{""symbol"":""ADMF.JK"",""name"":""Adira Dinamika Multi Finance Tbk"",""market_cap_rank"":149,""employee_num"":14909,""point_summaries"":[{""name"":""value"",""point"":9.5,""maxpoint"":20},{""name"":""competitive"",""point"":12,""maxpoint"":21},{""name"":""future"",""point"":10.5,""maxpoint"":18},{""name"":""financials"",""point"":6,""maxpoint"":7.5},{""name"":""dividend"",""point"":13,""maxpoint"":19.5},{""updatedAt"":""2025-01-11T23:03:50.840Z""}]}]","{""symbol"":""TRUS.JK"",""name"":""Trust Finance Indonesia Tbk"",""market_cap_change"":1.30366499781475}","{""symbol"":""TRUS.JK"",""name"":""Trust Finance Indonesia Tbk"",""price_change"":1.30366492146597}"
Oil & Gas,Oil & Gas Production & Refinery,50424752795648,5,"[{""symbol"":""MEDC.JK"",""name"":""PT Medco Energi Internasional Tbk"",""market_cap_rank"":68,""employee_num"":3360,""point_summaries"":[{""name"":""value"",""point"":10.5,""maxpoint"":20},{""name"":""competitive"",""point"":12,""maxpoint"":25.5},{""name"":""future"",""point"":6.5,""maxpoint"":30},{""name"":""financials"",""point"":4.5,""maxpoint"":27},{""name"":""dividend"",""point"":11,""maxpoint"":21.5},{""updatedAt"":""2025-01-03T23:02:38.906Z""}]},{""symbol"":""RATU.JK"",""name"":""PT Raharja Energi Cepu Tbk"",""market_cap_rank"":150,""employee_num"":null,""point_summaries"":null},{""symbol"":""ENRG.JK"",""name"":""Energi Mega Persada Tbk"",""market_cap_rank"":179,""employee_num"":570,""point_summaries"":[{""name"":""value"",""point"":15,""maxpoint"":23},{""name"":""competitive"",""point"":10.5,""maxpoint"":21},{""name"":""future"",""point"":4.5,""maxpoint"":18},{""name"":""financials"",""point"":13.5,""maxpoint"":27},{""name"":""dividend"",""point"":1.5,""maxpoint"":15.5},{""updatedAt"":""2025-01-05T23:01:57.354Z""}]}]","{""symbol"":""SURE.JK"",""name"":""PT Super Energy Tbk."",""market_cap_change"":1.17272731034026}","{""symbol"":""SURE.JK"",""name"":""PT Super Energy Tbk."",""price_change"":1.17272727272727}"
Heavy Constructions & Civil Engineering,Heavy Constructions & Civil Engineering,40629793658880,29,"[{""symbol"":""WIKA.JK"",""name"":""PT Wijaya Karya (Persero) Tbk"",""market_cap_rank"":142,""employee_num"":3920,""point_summaries"":[{""name"":""value"",""point"":4.5,""maxpoint"":23},{""name"":""competitive"",""point"":16.5,""maxpoint"":21},{""name"":""future"",""point"":16.5,""maxpoint"":18},{""name"":""financials"",""point"":0,""maxpoint"":27},{""name"":""dividend"",""point"":1.5,""maxpoint"":21.5},{""updatedAt"":""2025-01-11T23:03:52.581Z""}]},{""symbol"":""WSKT.JK"",""name"":""PT Waskita Karya (Persero) Tbk"",""market_cap_rank"":183,""employee_num"":null,""point_summaries"":[{""name"":""value"",""point"":2,""maxpoint"":20},{""name"":""competitive"",""point"":10.5,""maxpoint"":15},{""name"":""future"",""point"":16.5,""maxpoint"":18},{""name"":""financials"",""point"":1,""maxpoint"":27},{""name"":""dividend"",""point"":1.5,""maxpoint"":21.5},{""updatedAt"":""2025-01-03T23:02:39.461Z""}]},{""symbol"":""SSIA.JK"",""name"":""PT Surya Semesta Internusa Tbk"",""market_cap_rank"":198,""employee_num"":2639,""point_summaries"":[{""name"":""value"",""point"":4.5,""maxpoint"":23},{""name"":""competitive"",""point"":19.5,""maxpoint"":21},{""name"":""future"",""point"":28.5,""maxpoint"":30},{""name"":""financials"",""point"":10.5,""maxpoint"":27},{""name"":""dividend"",""point"":1.5,""maxpoint"":19.5},{""updatedAt"":""2025-01-05T23:01:58.070Z""}]}]","{""symbol"":""RONY.JK"",""name"":""PT Aesler Grup Internasional Tbk"",""market_cap_change"":5.13175640729525}","{""symbol"":""RONY.JK"",""name"":""PT Aesler Grup Internasional Tbk"",""price_change"":5.13175675675676}"
Auto Components,Auto Parts & Equipment,35729883353599,13,"[{""symbol"":""SMSM.JK"",""name"":""Selamat Sempurna Tbk"",""market_cap_rank"":139,""employee_num"":3118,""point_summaries"":[{""name"":""value"",""point"":5.5,""maxpoint"":23},{""name"":""competitive"",""point"":13.5,""maxpoint"":21},{""name"":""future"",""point"":7.5,""maxpoint"":18},{""name"":""financials"",""point"":24.5,""maxpoint"":27},{""name"":""dividend"",""point"":16.5,""maxpoint"":21.5},{""updatedAt"":""2024-12-31T23:02:43.672Z""}]},{""symbol"":""AUTO.JK"",""name"":""Astra Otoparts Tbk"",""market_cap_rank"":140,""employee_num"":7236,""point_summaries"":[{""name"":""value"",""point"":13.5,""maxpoint"":20},{""name"":""competitive"",""point"":12,""maxpoint"":21},{""name"":""future"",""point"":11.5,""maxpoint"":30},{""name"":""financials"",""point"":24,""maxpoint"":27},{""name"":""dividend"",""point"":16,""maxpoint"":21.5},{""updatedAt"":""2025-01-09T23:02:52.900Z""}]},{""symbol"":""VKTR.JK"",""name"":""PT VKTR Teknologi Mobilitas Tbk"",""market_cap_rank"":197,""employee_num"":1339,""point_summaries"":[{""name"":""value"",""point"":2,""maxpoint"":23},{""name"":""competitive"",""point"":9.5,""maxpoint"":21},{""name"":""future"",""point"":7.5,""maxpoint"":18},{""name"":""financials"",""point"":12.5,""maxpoint"":27},{""name"":""dividend"",""point"":1.5,""maxpoint"":15.5},{""updatedAt"":""2025-01-05T23:01:58.205Z""}]}]","{""symbol"":""BOLT.JK"",""name"":""PT Garuda Metalindo Tbk."",""market_cap_change"":0.768707395001257}","{""symbol"":""BOLT.JK"",""name"":""PT Garuda Metalindo Tbk."",""price_change"":0.768707482993197}"
Building Products & Fixtures,Building Products & Fixtures,33454277994496,14,"[{""symbol"":""IMPC.JK"",""name"":""PT Impack Pratama Industri Tbk"",""market_cap_rank"":94,""employee_num"":2698,""point_summaries"":[{""name"":""value"",""point"":0,""maxpoint"":23},{""name"":""competitive"",""point"":15,""maxpoint"":21},{""name"":""future"",""point"":4.5,""maxpoint"":18},{""name"":""financials"",""point"":18,""maxpoint"":27},{""name"":""dividend"",""point"":7,""maxpoint"":19.5},{""updatedAt"":""2025-01-07T23:01:57.110Z""}]},{""symbol"":""ARNA.JK"",""name"":""Arwana Citramulia Tbk"",""market_cap_rank"":209,""employee_num"":2294,""point_summaries"":[{""name"":""value"",""point"":5.5,""maxpoint"":23},{""name"":""competitive"",""point"":12,""maxpoint"":21},{""name"":""future"",""point"":4.5,""maxpoint"":18},{""name"":""financials"",""point"":21.5,""maxpoint"":27},{""name"":""dividend"",""point"":10,""maxpoint"":21.5},{""updatedAt"":""2025-01-07T23:01:56.344Z""}]},{""symbol"":""SINI.JK"",""name"":""PT Singaraja Putra Tbk."",""market_cap_rank"":298,""employee_num"":308,""point_summaries"":[{""name"":""value"",""point"":null,""maxpoint"":null},{""name"":""competitive"",""point"":9.5,""maxpoint"":16.5},{""name"":""future"",""point"":4.5,""maxpoint"":18},{""name"":""financials"",""point"":7.5,""maxpoint"":7.5},{""name"":""dividend"",""point"":1.5,""maxpoint"":15.5},{""updatedAt"":""2025-01-03T23:02:39.242Z""}]}]","{""symbol"":""SINI.JK"",""name"":""PT Singaraja Putra Tbk."",""market_cap_change"":4.20833333037653}","{""symbol"":""SINI.JK"",""name"":""PT Singaraja Putra Tbk."",""price_change"":4.20833333333333}"
Containers & Packaging,Containers & Packaging,28044128864256,20,"[{""symbol"":""FASW.JK"",""name"":""Fajar Surya Wisesa Tbk"",""market_cap_rank"":124,""employee_num"":3176,""point_summaries"":[{""name"":""value"",""point"":3,""maxpoint"":20},{""name"":""competitive"",""point"":10.5,""maxpoint"":21},{""name"":""future"",""point"":12,""maxpoint"":18},{""name"":""financials"",""point"":0,""maxpoint"":27},{""name"":""dividend"",""point"":3.5,""maxpoint"":21.5},{""updatedAt"":""2025-01-03T23:02:38.561Z""}]},{""symbol"":""PBID.JK"",""name"":""PT Panca Budi Idaman Tbk"",""market_cap_rank"":227,""employee_num"":5522,""point_summaries"":[{""name"":""value"",""point"":6,""maxpoint"":20},{""name"":""competitive"",""point"":18,""maxpoint"":21},{""name"":""future"",""point"":12,""maxpoint"":18},{""name"":""financials"",""point"":22,""maxpoint"":27},{""name"":""dividend"",""point"":10,""maxpoint"":21.5},{""updatedAt"":""2025-01-03T23:02:39.044Z""}]},{""symbol"":""PACK.JK"",""name"":""PT Solusi Kemasan Digital Tbk"",""market_cap_rank"":312,""employee_num"":90,""point_summaries"":[{""name"":""value"",""point"":null,""maxpoint"":null},{""name"":""competitive"",""point"":6,""maxpoint"":16.5},{""name"":""future"",""point"":12,""maxpoint"":18},{""name"":""financials"",""point"":5.5,""maxpoint"":7.5},{""name"":""dividend"",""point"":1.5,""maxpoint"":15.5},{""updatedAt"":""2025-01-01T23:02:36.706Z""}]}]","{""symbol"":""PACK.JK"",""name"":""PT Solusi Kemasan Digital Tbk"",""market_cap_change"":16.1415538231309}","{""symbol"":""PACK.JK"",""name"":""PT Solusi Kemasan Digital Tbk"",""price_change"":16.0833333333333}"
Chemicals,Specialty Chemicals,27408982294528,7,"[{""symbol"":""AVIA.JK"",""name"":""PT Avia Avian Tbk"",""market_cap_rank"":77,""employee_num"":1473,""point_summaries"":[{""name"":""value"",""point"":5.5,""maxpoint"":23},{""name"":""competitive"",""point"":7.5,""maxpoint"":21},{""name"":""future"",""point"":18,""maxpoint"":30},{""name"":""financials"",""point"":24,""maxpoint"":27},{""name"":""dividend"",""point"":11,""maxpoint"":21.5},{""updatedAt"":""2025-01-11T23:03:50.942Z""}]},{""symbol"":""APLI.JK"",""name"":""Asiaplast Industries Tbk"",""market_cap_rank"":483,""employee_num"":182,""point_summaries"":[{""name"":""value"",""point"":null,""maxpoint"":null},{""name"":""competitive"",""point"":0,""maxpoint"":16.5},{""name"":""future"",""point"":12,""maxpoint"":18},{""name"":""financials"",""point"":7.5,""maxpoint"":7.5},{""name"":""dividend"",""point"":1.5,""maxpoint"":21.5},{""updatedAt"":""2025-01-09T23:02:52.856Z""}]},{""symbol"":""EKAD.JK"",""name"":""Ekadharma International Tbk"",""market_cap_rank"":484,""employee_num"":520,""point_summaries"":[{""name"":""value"",""point"":null,""maxpoint"":null},{""name"":""competitive"",""point"":0,""maxpoint"":16.5},{""name"":""future"",""point"":12,""maxpoint"":18},{""name"":""financials"",""point"":4.5,""maxpoint"":7.5},{""name"":""dividend"",""point"":13,""maxpoint"":21.5},{""updatedAt"":""2024-12-31T23:02:42.792Z""}]}]","{""symbol"":""CLPI.JK"",""name"":""Colorpak Indonesia Tbk"",""market_cap_change"":0.0761421314284479}","{""symbol"":""CLPI.JK"",""name"":""Colorpak Indonesia Tbk"",""price_change"":0.0761421319796954}"
Beverages,Soft Drinks,23464948920320,5,"[{""symbol"":""CLEO.JK"",""name"":""PT Sariguna Primatirta Tbk"",""market_cap_rank"":95,""employee_num"":529,""point_summaries"":[{""name"":""value"",""point"":0,""maxpoint"":23},{""name"":""competitive"",""point"":21,""maxpoint"":21},{""name"":""future"",""point"":12,""maxpoint"":18},{""name"":""financials"",""point"":24,""maxpoint"":27},{""name"":""dividend"",""point"":3.5,""maxpoint"":21.5},{""updatedAt"":""2025-01-05T23:01:57.252Z""}]},{""symbol"":""ADES.JK"",""name"":""Akasha Wira International Tbk  Tbk"",""market_cap_rank"":193,""employee_num"":431,""point_summaries"":[{""name"":""value"",""point"":2,""maxpoint"":23},{""name"":""competitive"",""point"":13.5,""maxpoint"":21},{""name"":""future"",""point"":12,""maxpoint"":18},{""name"":""financials"",""point"":23,""maxpoint"":27},{""name"":""dividend"",""point"":1.5,""maxpoint"":15.5},{""updatedAt"":""2025-01-11T23:03:50.838Z""}]},{""symbol"":""GRPM.JK"",""name"":""PT Graha Prima Mentari Tbk."",""market_cap_rank"":766,""employee_num"":232,""point_summaries"":[{""name"":""value"",""point"":null,""maxpoint"":null},{""name"":""competitive"",""point"":2,""maxpoint"":16.5},{""name"":""future"",""point"":12,""maxpoint"":18},{""name"":""financials"",""point"":0,""maxpoint"":0},{""name"":""dividend"",""point"":3.5,""maxpoint"":21.5},{""updatedAt"":""2025-01-03T23:02:38.601Z""}]}]","{""symbol"":""CLEO.JK"",""name"":""PT Sariguna Primatirta Tbk"",""market_cap_change"":1.25000007827998}","{""symbol"":""CLEO.JK"",""name"":""PT Sariguna Primatirta Tbk"",""price_change"":1.25}"
Logistics & Deliveries,Logistics & Deliveries,22435865188352,25,"[{""symbol"":""TMAS.JK"",""name"":""PT Temas Tbk."",""market_cap_rank"":160,""employee_num"":663,""point_summaries"":[{""name"":""value"",""point"":5,""maxpoint"":23},{""name"":""competitive"",""point"":15,""maxpoint"":21},{""name"":""future"",""point"":0,""maxpoint"":3},{""name"":""financials"",""point"":18.5,""maxpoint"":27},{""name"":""dividend"",""point"":10,""maxpoint"":21.5},{""updatedAt"":""2025-01-05T23:01:58.116Z""}]},{""symbol"":""SMDR.JK"",""name"":""Samudera Indonesia Tbk"",""market_cap_rank"":211,""employee_num"":4721,""point_summaries"":[{""name"":""value"",""point"":11,""maxpoint"":20},{""name"":""competitive"",""point"":12,""maxpoint"":21},{""name"":""future"",""point"":0,""maxpoint"":3},{""name"":""financials"",""point"":10,""maxpoint"":27},{""name"":""dividend"",""point"":19.5,""maxpoint"":21.5},{""updatedAt"":""2025-01-05T23:01:57.997Z""}]},{""symbol"":""ELPI.JK"",""name"":""PT Pelayaran Nasional Ekalya Purnamasari Tbk"",""market_cap_rank"":276,""employee_num"":968,""point_summaries"":[{""name"":""value"",""point"":1,""maxpoint"":23},{""name"":""competitive"",""point"":21,""maxpoint"":21},{""name"":""future"",""point"":0,""maxpoint"":3},{""name"":""financials"",""point"":17,""maxpoint"":27},{""name"":""dividend"",""point"":1.5,""maxpoint"":21.5},{""updatedAt"":""2025-01-03T23:02:38.545Z""}]}]","{""symbol"":""RCCC.JK"",""name"":""PT Utama Radar Cahaya Tbk"",""market_cap_change"":2.14102581576916}","{""symbol"":""RCCC.JK"",""name"":""PT Utama Radar Cahaya Tbk"",""price_change"":1.99145299145299}"
Media,Broadcasting,21033042853888,6,"[{""symbol"":""SCMA.JK"",""name"":""Surya Citra Media Tbk"",""market_cap_rank"":128,""employee_num"":4250,""point_summaries"":[{""name"":""value"",""point"":7.5,""maxpoint"":23},{""name"":""competitive"",""point"":15,""maxpoint"":21},{""name"":""future"",""point"":7.5,""maxpoint"":18},{""name"":""financials"",""point"":19.5,""maxpoint"":27},{""name"":""dividend"",""point"":11,""maxpoint"":21.5},{""updatedAt"":""2025-01-05T23:01:57.967Z""}]},{""symbol"":""NETV.JK"",""name"":""PT MDTV Media Technologies Tbk"",""market_cap_rank"":201,""employee_num"":514,""point_summaries"":[{""name"":""value"",""point"":8,""maxpoint"":23},{""name"":""competitive"",""point"":13.5,""maxpoint"":21},{""name"":""future"",""point"":7.5,""maxpoint"":18},{""name"":""financials"",""point"":7,""maxpoint"":27},{""name"":""dividend"",""point"":1.5,""maxpoint"":15.5},{""updatedAt"":""2025-01-05T23:01:57.790Z""}]},{""symbol"":""MNCN.JK"",""name"":""Media Nusantara Citra Tbk"",""market_cap_rank"":228,""employee_num"":6179,""point_summaries"":[{""name"":""value"",""point"":15,""maxpoint"":23},{""name"":""competitive"",""point"":13.5,""maxpoint"":21},{""name"":""future"",""point"":13.5,""maxpoint"":30},{""name"":""financials"",""point"":17,""maxpoint"":27},{""name"":""dividend"",""point"":1.5,""maxpoint"":21.5},{""updatedAt"":""2025-01-05T23:01:57.752Z""}]}]","{""symbol"":""NETV.JK"",""name"":""PT MDTV Media Technologies Tbk"",""market_cap_change"":2.34772435848556}","{""symbol"":""SCMA.JK"",""name"":""Surya Citra Media Tbk"",""price_change"":0.0915032679738562}"
Tourism & Recreation,Recreational & Sports Facilities,20749017645056,5,"[{""symbol"":""CNMA.JK"",""name"":""PT Nusantara Sejahtera Raya Tbk"",""market_cap_rank"":115,""employee_num"":1343,""point_summaries"":[{""name"":""value"",""point"":4.5,""maxpoint"":20},{""name"":""competitive"",""point"":18,""maxpoint"":25.5},{""name"":""future"",""point"":19.5,""maxpoint"":30},{""name"":""financials"",""point"":20,""maxpoint"":27},{""name"":""dividend"",""point"":9,""maxpoint"":21.5},{""updatedAt"":""2025-01-03T23:02:38.485Z""}]},{""symbol"":""GOLF.JK"",""name"":""PT Intra GolfLink Resorts Tbk"",""market_cap_rank"":217,""employee_num"":175,""point_summaries"":[{""name"":""value"",""point"":4,""maxpoint"":23},{""name"":""competitive"",""point"":8,""maxpoint"":15},{""name"":""future"",""point"":13.5,""maxpoint"":18},{""name"":""financials"",""point"":25,""maxpoint"":27},{""name"":""dividend"",""point"":1.5,""maxpoint"":15.5},{""updatedAt"":""2025-01-03T23:02:38.585Z""}]},{""symbol"":""BLTZ.JK"",""name"":""PT Graha Layar Prima Tbk."",""market_cap_rank"":354,""employee_num"":326,""point_summaries"":[{""name"":""value"",""point"":4.5,""maxpoint"":23},{""name"":""competitive"",""point"":4.5,""maxpoint"":21},{""name"":""future"",""point"":13.5,""maxpoint"":18},{""name"":""financials"",""point"":4.5,""maxpoint"":27},{""name"":""dividend"",""point"":1.5,""maxpoint"":15.5},{""updatedAt"":""2025-01-05T23:01:57.151Z""}]}]","{""symbol"":""BLTZ.JK"",""name"":""PT Graha Layar Prima Tbk."",""market_cap_change"":-0.0243902064300509}","{""symbol"":""BLTZ.JK"",""name"":""PT Graha Layar Prima Tbk."",""price_change"":-0.024390243902439}"
Specialty Retail,Electronics Retail,19720954576896,7,"[{""symbol"":""TRIO.JK"",""name"":""Trikomsel Oke Tbk"",""market_cap_rank"":133,""employee_num"":null,""point_summaries"":[{""name"":""value"",""point"":6,""maxpoint"":23},{""name"":""competitive"",""point"":5.5,""maxpoint"":15},{""name"":""future"",""point"":18,""maxpoint"":18},{""name"":""financials"",""point"":7,""maxpoint"":27},{""name"":""dividend"",""point"":1.5,""maxpoint"":15.5},{""updatedAt"":""2025-01-05T23:01:58.131Z""}]},{""symbol"":""ERAA.JK"",""name"":""Erajaya Swasembada Tbk"",""market_cap_rank"":181,""employee_num"":5575,""point_summaries"":[{""name"":""value"",""point"":10.5,""maxpoint"":17},{""name"":""competitive"",""point"":6.5,""maxpoint"":21},{""name"":""future"",""point"":24,""maxpoint"":30},{""name"":""financials"",""point"":3.5,""maxpoint"":21},{""name"":""dividend"",""point"":10.5,""maxpoint"":21.5},{""updatedAt"":""2025-01-11T23:03:51.419Z""}]},{""symbol"":""ERAL.JK"",""name"":""PT Sinar Eka Selaras Tbk"",""market_cap_rank"":389,""employee_num"":408,""point_summaries"":[{""name"":""value"",""point"":7,""maxpoint"":20},{""name"":""competitive"",""point"":3,""maxpoint"":21},{""name"":""future"",""point"":18,""maxpoint"":18},{""name"":""financials"",""point"":18,""maxpoint"":27},{""name"":""dividend"",""point"":7.5,""maxpoint"":21.5},{""updatedAt"":""2024-12-27T23:02:28.217Z""}]}]","{""symbol"":""UFOE.JK"",""name"":""PT Damai Sejahtera Abadi Tbk"",""market_cap_change"":0.414922596949688}","{""symbol"":""UFOE.JK"",""name"":""PT Damai Sejahtera Abadi Tbk"",""price_change"":0.116751269035533}"
Beverages,Liquors,16684116574208,5,"[{""symbol"":""MLBI.JK"",""name"":""Multi Bintang Indonesia Tbk"",""market_cap_rank"":120,""employee_num"":412,""point_summaries"":[{""name"":""value"",""point"":5.5,""maxpoint"":23},{""name"":""competitive"",""point"":13.5,""maxpoint"":21},{""name"":""future"",""point"":12,""maxpoint"":18},{""name"":""financials"",""point"":23.5,""maxpoint"":27},{""name"":""dividend"",""point"":12,""maxpoint"":21.5},{""updatedAt"":""2025-01-05T23:01:57.749Z""}]},{""symbol"":""DLTA.JK"",""name"":""Delta Djakarta Tbk"",""market_cap_rank"":342,""employee_num"":369,""point_summaries"":[{""name"":""value"",""point"":0,""maxpoint"":17},{""name"":""competitive"",""point"":9.5,""maxpoint"":21},{""name"":""future"",""point"":12,""maxpoint"":18},{""name"":""financials"",""point"":0,""maxpoint"":7.5},{""name"":""dividend"",""point"":10,""maxpoint"":21.5},{""updatedAt"":""2025-01-05T23:01:57.309Z""}]},{""symbol"":""WINE.JK"",""name"":""PT Hatten Bali Tbk"",""market_cap_rank"":478,""employee_num"":99,""point_summaries"":[{""name"":""value"",""point"":2,""maxpoint"":20},{""name"":""competitive"",""point"":6,""maxpoint"":21},{""name"":""future"",""point"":12,""maxpoint"":18},{""name"":""financials"",""point"":14.5,""maxpoint"":27},{""name"":""dividend"",""point"":1.5,""maxpoint"":19.5},{""updatedAt"":""2025-01-03T23:02:39.459Z""}]}]","{""symbol"":""STRK.JK"",""name"":""PT Lovina Beach Brewery Tbk."",""market_cap_change"":-0.0909006092347763}","{""symbol"":""STRK.JK"",""name"":""PT Lovina Beach Brewery Tbk."",""price_change"":-0.0909090909090909}"
Insurance,General Insurance,14972777668608,14,"[{""symbol"":""PNIN.JK"",""name"":""Paninvest Tbk"",""market_cap_rank"":218,""employee_num"":11293,""point_summaries"":[{""name"":""value"",""point"":15,""maxpoint"":20},{""name"":""competitive"",""point"":14.5,""maxpoint"":21},{""name"":""future"",""point"":3,""maxpoint"":3},{""name"":""financials"",""point"":15,""maxpoint"":27},{""name"":""dividend"",""point"":1.5,""maxpoint"":15.5},{""updatedAt"":""2025-01-05T23:01:57.853Z""}]},{""symbol"":""TUGU.JK"",""name"":""PT Asuransi Tugu Pratama Indonesia Tbk"",""market_cap_rank"":235,""employee_num"":357,""point_summaries"":[{""name"":""value"",""point"":11,""maxpoint"":20},{""name"":""competitive"",""point"":12.5,""maxpoint"":21},{""name"":""future"",""point"":3,""maxpoint"":3},{""name"":""financials"",""point"":22,""maxpoint"":27},{""name"":""dividend"",""point"":13,""maxpoint"":21.5},{""updatedAt"":""2025-01-05T23:01:58.149Z""}]},{""symbol"":""ABDA.JK"",""name"":""Asuransi Bina Dana Arta Tbk"",""market_cap_rank"":292,""employee_num"":371,""point_summaries"":[{""name"":""value"",""point"":2,""maxpoint"":17},{""name"":""competitive"",""point"":12,""maxpoint"":21},{""name"":""future"",""point"":3,""maxpoint"":3},{""name"":""financials"",""point"":3,""maxpoint"":7.5},{""name"":""dividend"",""point"":3.5,""maxpoint"":21.5},{""updatedAt"":""2025-01-09T23:02:52.772Z""}]}]","{""symbol"":""MTWI.JK"",""name"":""PT Malacca Trust Wuwungan Insurance Tbk."",""market_cap_change"":1.11999997310875}","{""symbol"":""MTWI.JK"",""name"":""PT Malacca Trust Wuwungan Insurance Tbk."",""price_change"":1.12}"
Telecommunication Service,Wired Telecommunication Service,14623093501952,7,"[{""symbol"":""MORA.JK"",""name"":""PT Mora Telematika Indonesia Tbk"",""market_cap_rank"":154,""employee_num"":1497,""point_summaries"":[{""name"":""value"",""point"":10,""maxpoint"":23},{""name"":""competitive"",""point"":9,""maxpoint"":21},{""name"":""future"",""point"":16,""maxpoint"":18},{""name"":""financials"",""point"":6,""maxpoint"":27},{""name"":""dividend"",""point"":1.5,""maxpoint"":15.5},{""updatedAt"":""2025-01-05T23:01:57.752Z""}]},{""symbol"":""LINK.JK"",""name"":""PT Link Net Tbk."",""market_cap_rank"":243,""employee_num"":746,""point_summaries"":[{""name"":""value"",""point"":10,""maxpoint"":23},{""name"":""competitive"",""point"":1.5,""maxpoint"":21},{""name"":""future"",""point"":16,""maxpoint"":18},{""name"":""financials"",""point"":0,""maxpoint"":27},{""name"":""dividend"",""point"":5.5,""maxpoint"":21.5},{""updatedAt"":""2025-01-03T23:02:38.823Z""}]},{""symbol"":""DATA.JK"",""name"":""PT Remala Abadi Tbk"",""market_cap_rank"":421,""employee_num"":385,""point_summaries"":[{""name"":""value"",""point"":null,""maxpoint"":null},{""name"":""competitive"",""point"":0,""maxpoint"":10.5},{""name"":""future"",""point"":16,""maxpoint"":18},{""name"":""financials"",""point"":0,""maxpoint"":0},{""name"":""dividend"",""point"":1.5,""maxpoint"":15.5},{""updatedAt"":""2025-01-03T23:02:38.506Z""}]}]","{""symbol"":""DATA.JK"",""name"":""PT Remala Abadi Tbk"",""market_cap_change"":2.0753967653815}","{""symbol"":""DATA.JK"",""name"":""PT Remala Abadi Tbk"",""price_change"":2.07539682539683}"
Specialty Retail,Automotive Retail,13824530972672,6,"[{""symbol"":""MPMX.JK"",""name"":""PT Mitra Pinasthika Mustika Tbk."",""market_cap_rank"":212,""employee_num"":1344,""point_summaries"":[{""name"":""value"",""point"":14.5,""maxpoint"":23},{""name"":""competitive"",""point"":4.5,""maxpoint"":25.5},{""name"":""future"",""point"":18,""maxpoint"":18},{""name"":""financials"",""point"":19.5,""maxpoint"":27},{""name"":""dividend"",""point"":14.5,""maxpoint"":21.5},{""updatedAt"":""2024-12-31T23:02:43.314Z""}]},{""symbol"":""IMAS.JK"",""name"":""Indomobil Sukses Internasional Tbk"",""market_cap_rank"":240,""employee_num"":7639,""point_summaries"":[{""name"":""value"",""point"":7.5,""maxpoint"":17},{""name"":""competitive"",""point"":4.5,""maxpoint"":25.5},{""name"":""future"",""point"":18,""maxpoint"":18},{""name"":""financials"",""point"":4.5,""maxpoint"":12},{""name"":""dividend"",""point"":3.5,""maxpoint"":21.5},{""updatedAt"":""2025-01-03T23:02:38.661Z""}]},{""symbol"":""BOGA.JK"",""name"":""PT Bintang Oto Global Tbk"",""market_cap_rank"":315,""employee_num"":281,""point_summaries"":[{""name"":""value"",""point"":1,""maxpoint"":23},{""name"":""competitive"",""point"":0,""maxpoint"":25.5},{""name"":""future"",""point"":18,""maxpoint"":18},{""name"":""financials"",""point"":6,""maxpoint"":27},{""name"":""dividend"",""point"":1.5,""maxpoint"":15.5},{""updatedAt"":""2025-01-05T23:01:57.173Z""}]}]","{""symbol"":""CARS.JK"",""name"":""PT Industri dan Perdagangan Bintraco Dharma Tbk"",""market_cap_change"":-0.0526316128348636}","{""symbol"":""CARS.JK"",""name"":""PT Industri dan Perdagangan Bintraco Dharma Tbk"",""price_change"":-0.0526315789473684}"
Metals & Minerals,Aluminum,13439796969472,5,"[{""symbol"":""CITA.JK"",""name"":""Cita Mineral Investindo Tbk"",""market_cap_rank"":122,""employee_num"":258,""point_summaries"":[{""name"":""value"",""point"":4,""maxpoint"":23},{""name"":""competitive"",""point"":7.5,""maxpoint"":21},{""name"":""future"",""point"":12,""maxpoint"":18},{""name"":""financials"",""point"":7.5,""maxpoint"":12},{""name"":""dividend"",""point"":10.5,""maxpoint"":21.5},{""updatedAt"":""2025-01-05T23:01:57.250Z""}]},{""symbol"":""ALMI.JK"",""name"":""Alumindo Light Metal Industry Tbk"",""market_cap_rank"":652,""employee_num"":null,""point_summaries"":[{""name"":""value"",""point"":8,""maxpoint"":23},{""name"":""competitive"",""point"":1.5,""maxpoint"":21},{""name"":""future"",""point"":12,""maxpoint"":18},{""name"":""financials"",""point"":18,""maxpoint"":27},{""name"":""dividend"",""point"":1.5,""maxpoint"":15.5},{""updatedAt"":""2025-01-01T23:02:35.664Z""}]},{""symbol"":""ALKA.JK"",""name"":""Alakasa Industrindo Tbk"",""market_cap_rank"":712,""employee_num"":26,""point_summaries"":[{""name"":""value"",""point"":null,""maxpoint"":null},{""name"":""competitive"",""point"":0,""maxpoint"":16.5},{""name"":""future"",""point"":12,""maxpoint"":18},{""name"":""financials"",""point"":7.5,""maxpoint"":7.5},{""name"":""dividend"",""point"":1.5,""maxpoint"":15.5},{""updatedAt"":""2025-01-05T23:01:57.007Z""}]}]","{""symbol"":""CITA.JK"",""name"":""Cita Mineral Investindo Tbk"",""market_cap_change"":0.848484852537004}","{""symbol"":""CITA.JK"",""name"":""Cita Mineral Investindo Tbk"",""price_change"":0.848484848484849}"
Apparel & Luxury Goods,Textiles,12469763590399,16,"[{""symbol"":""TFCO.JK"",""name"":""Tifico Fiber Indonesia Tbk"",""market_cap_rank"":253,""employee_num"":835,""point_summaries"":[{""name"":""value"",""point"":3,""maxpoint"":20},{""name"":""competitive"",""point"":15,""maxpoint"":21},{""name"":""future"",""point"":13.5,""maxpoint"":18},{""name"":""financials"",""point"":20.5,""maxpoint"":27},{""name"":""dividend"",""point"":1.5,""maxpoint"":15.5},{""updatedAt"":""2025-01-03T23:02:39.344Z""}]},{""symbol"":""SRIL.JK"",""name"":""PT Sri Rejeki Isman Tbk"",""market_cap_rank"":257,""employee_num"":null,""point_summaries"":[{""name"":""value"",""point"":4,""maxpoint"":20},{""name"":""competitive"",""point"":13.5,""maxpoint"":21},{""name"":""future"",""point"":13.5,""maxpoint"":18},{""name"":""financials"",""point"":9,""maxpoint"":27},{""name"":""dividend"",""point"":1.5,""maxpoint"":21.5},{""updatedAt"":""2025-01-03T23:02:39.300Z""}]},{""symbol"":""ARGO.JK"",""name"":""Argo Pantes Tbk"",""market_cap_rank"":269,""employee_num"":10,""point_summaries"":[{""name"":""value"",""point"":0,""maxpoint"":23},{""name"":""competitive"",""point"":9,""maxpoint"":15},{""name"":""future"",""point"":13.5,""maxpoint"":18},{""name"":""financials"",""point"":7.5,""maxpoint"":27},{""name"":""dividend"",""point"":1.5,""maxpoint"":15.5},{""updatedAt"":""2025-01-05T23:01:57.030Z""}]}]","{""symbol"":""SPRE.JK"",""name"":""PT Soraya Berjaya Indonesia Tbk"",""market_cap_change"":0.328467237250256}","{""symbol"":""SPRE.JK"",""name"":""PT Soraya Berjaya Indonesia Tbk"",""price_change"":0.328467153284672}"
Metals & Minerals,Iron & Steel,10576545316864,9,"[{""symbol"":""GGRP.JK"",""name"":""PT Gunung Raja Paksi Tbk."",""market_cap_rank"":260,""employee_num"":1586,""point_summaries"":[{""name"":""value"",""point"":13,""maxpoint"":20},{""name"":""competitive"",""point"":6,""maxpoint"":21},{""name"":""future"",""point"":12,""maxpoint"":18},{""name"":""financials"",""point"":15,""maxpoint"":27},{""name"":""dividend"",""point"":1.5,""maxpoint"":21.5},{""updatedAt"":""2025-01-07T23:01:56.989Z""}]},{""symbol"":""CTBN.JK"",""name"":""Citra Tubindo Tbk"",""market_cap_rank"":308,""employee_num"":713,""point_summaries"":[{""name"":""value"",""point"":7,""maxpoint"":23},{""name"":""competitive"",""point"":10.5,""maxpoint"":21},{""name"":""future"",""point"":12,""maxpoint"":18},{""name"":""financials"",""point"":23.5,""maxpoint"":27},{""name"":""dividend"",""point"":1.5,""maxpoint"":15.5},{""updatedAt"":""2025-01-05T23:01:57.276Z""}]},{""symbol"":""KRAS.JK"",""name"":""Krakatau Steel (Persero) Tbk"",""market_cap_rank"":311,""employee_num"":4001,""point_summaries"":[{""name"":""value"",""point"":13,""maxpoint"":23},{""name"":""competitive"",""point"":6,""maxpoint"":21},{""name"":""future"",""point"":12,""maxpoint"":18},{""name"":""financials"",""point"":3,""maxpoint"":27},{""name"":""dividend"",""point"":1.5,""maxpoint"":15.5},{""updatedAt"":""2024-12-31T23:02:43.152Z""}]}]","{""symbol"":""CTBN.JK"",""name"":""Citra Tubindo Tbk"",""market_cap_change"":0.951219595698408}","{""symbol"":""CTBN.JK"",""name"":""Citra Tubindo Tbk"",""price_change"":0.951219512195122}"
Food & Staples Retailing,Food Retail & Distributors,10320764178432,5,"[{""symbol"":""DMND.JK"",""name"":""PT Diamond Food Indonesia Tbk."",""market_cap_rank"":163,""employee_num"":null,""point_summaries"":[{""name"":""value"",""point"":4,""maxpoint"":20},{""name"":""competitive"",""point"":11,""maxpoint"":21},{""name"":""future"",""point"":13.5,""maxpoint"":18},{""name"":""financials"",""point"":20.5,""maxpoint"":27},{""name"":""dividend"",""point"":1.5,""maxpoint"":15.5},{""updatedAt"":""2025-01-03T23:02:38.519Z""}]},{""symbol"":""BUAH.JK"",""name"":""PT Segar Kumala Indonesia Tbk"",""market_cap_rank"":323,""employee_num"":421,""point_summaries"":[{""name"":""value"",""point"":2,""maxpoint"":23},{""name"":""competitive"",""point"":4.5,""maxpoint"":21},{""name"":""future"",""point"":13.5,""maxpoint"":18},{""name"":""financials"",""point"":26,""maxpoint"":27},{""name"":""dividend"",""point"":2.5,""maxpoint"":21.5},{""updatedAt"":""2025-01-05T23:01:57.215Z""}]},{""symbol"":""KMDS.JK"",""name"":""PT Kurniamitra Duta Sentosa Tbk."",""market_cap_rank"":562,""employee_num"":95,""point_summaries"":[{""name"":""value"",""point"":null,""maxpoint"":null},{""name"":""competitive"",""point"":6,""maxpoint"":16.5},{""name"":""future"",""point"":13.5,""maxpoint"":18},{""name"":""financials"",""point"":6.5,""maxpoint"":7.5},{""name"":""dividend"",""point"":14.5,""maxpoint"":21.5},{""updatedAt"":""2025-01-05T23:01:57.648Z""}]}]","{""symbol"":""KMDS.JK"",""name"":""PT Kurniamitra Duta Sentosa Tbk."",""market_cap_change"":0.379717090039165}","{""symbol"":""KMDS.JK"",""name"":""PT Kurniamitra Duta Sentosa Tbk."",""price_change"":0.379716981132075}"
Tourism & Recreation,Restaurants,9893219061760,11,"[{""symbol"":""MAPB.JK"",""name"":""PT MAP Boga Adiperkasa Tbk."",""market_cap_rank"":262,""employee_num"":7155,""point_summaries"":[{""name"":""value"",""point"":5.5,""maxpoint"":20},{""name"":""competitive"",""point"":10.5,""maxpoint"":21},{""name"":""future"",""point"":13.5,""maxpoint"":18},{""name"":""financials"",""point"":13,""maxpoint"":27},{""name"":""dividend"",""point"":1.5,""maxpoint"":15.5},{""updatedAt"":""2025-01-07T23:01:57.368Z""}]},{""symbol"":""CSMI.JK"",""name"":""PT Cipta Selera Murni Tbk."",""market_cap_rank"":273,""employee_num"":null,""point_summaries"":[{""name"":""value"",""point"":0,""maxpoint"":23},{""name"":""competitive"",""point"":11.5,""maxpoint"":21},{""name"":""future"",""point"":13.5,""maxpoint"":18},{""name"":""financials"",""point"":8.5,""maxpoint"":22.5},{""name"":""dividend"",""point"":1.5,""maxpoint"":15.5},{""updatedAt"":""2025-01-03T23:02:38.502Z""}]},{""symbol"":""ENAK.JK"",""name"":""PT Champ Resto Indonesia Tbk"",""market_cap_rank"":334,""employee_num"":1283,""point_summaries"":[{""name"":""value"",""point"":4.5,""maxpoint"":23},{""name"":""competitive"",""point"":15,""maxpoint"":21},{""name"":""future"",""point"":13.5,""maxpoint"":18},{""name"":""financials"",""point"":0,""maxpoint"":27},{""name"":""dividend"",""point"":1.5,""maxpoint"":21.5},{""updatedAt"":""2025-01-05T23:01:57.354Z""}]}]","{""symbol"":""PGLI.JK"",""name"":""Pembangunan Graha Lestari Indah Tbk"",""market_cap_change"":0.369862897144919}","{""symbol"":""PGLI.JK"",""name"":""Pembangunan Graha Lestari Indah Tbk"",""price_change"":0.36986301369863}"
Investment Services,Investment Banking & Brokerage Services,9057303740416,5,"[{""symbol"":""YULE.JK"",""name"":""Yulie Sekuritas Indonesia Tbk"",""market_cap_rank"":206,""employee_num"":37,""point_summaries"":[{""name"":""value"",""point"":2,""maxpoint"":23},{""name"":""competitive"",""point"":10.5,""maxpoint"":25.5},{""name"":""future"",""point"":3,""maxpoint"":3},{""name"":""financials"",""point"":13.5,""maxpoint"":27},{""name"":""dividend"",""point"":1.5,""maxpoint"":15.5},{""updatedAt"":""2025-01-03T23:02:39.464Z""}]},{""symbol"":""TRIM.JK"",""name"":""PT Trimegah Sekuritas Indonesia Tbk"",""market_cap_rank"":291,""employee_num"":275,""point_summaries"":[{""name"":""value"",""point"":6.5,""maxpoint"":23},{""name"":""competitive"",""point"":9,""maxpoint"":21},{""name"":""future"",""point"":3,""maxpoint"":3},{""name"":""financials"",""point"":11.5,""maxpoint"":27},{""name"":""dividend"",""point"":1.5,""maxpoint"":15.5},{""updatedAt"":""2025-01-05T23:01:58.130Z""}]},{""symbol"":""PANS.JK"",""name"":""Panin Sekuritas Tbk"",""market_cap_rank"":422,""employee_num"":311,""point_summaries"":[{""name"":""value"",""point"":12.5,""maxpoint"":23},{""name"":""competitive"",""point"":1.5,""maxpoint"":21},{""name"":""future"",""point"":3,""maxpoint"":3},{""name"":""financials"",""point"":22.5,""maxpoint"":27},{""name"":""dividend"",""point"":12,""maxpoint"":21.5},{""updatedAt"":""2025-01-05T23:01:57.830Z""}]}]","{""symbol"":""TRIM.JK"",""name"":""PT Trimegah Sekuritas Indonesia Tbk"",""market_cap_change"":0.312056689829999}","{""symbol"":""TRIM.JK"",""name"":""PT Trimegah Sekuritas Indonesia Tbk"",""price_change"":0.312056737588652}"
Passenger Land Transportation,Road Transportation,8619265585152,9,"[{""symbol"":""BIRD.JK"",""name"":""PT Blue Bird Tbk"",""market_cap_rank"":222,""employee_num"":3054,""point_summaries"":[{""name"":""value"",""point"":10.5,""maxpoint"":23},{""name"":""competitive"",""point"":13.5,""maxpoint"":21},{""name"":""future"",""point"":14.5,""maxpoint"":30},{""name"":""financials"",""point"":21.5,""maxpoint"":27},{""name"":""dividend"",""point"":13,""maxpoint"":19.5},{""updatedAt"":""2025-01-05T23:01:57.134Z""}]},{""symbol"":""ASSA.JK"",""name"":""Adi Sarana Armada Tbk"",""market_cap_rank"":284,""employee_num"":1534,""point_summaries"":[{""name"":""value"",""point"":3,""maxpoint"":20},{""name"":""competitive"",""point"":15,""maxpoint"":21},{""name"":""future"",""point"":8.5,""maxpoint"":18},{""name"":""financials"",""point"":1,""maxpoint"":27},{""name"":""dividend"",""point"":13.5,""maxpoint"":21.5},{""updatedAt"":""2025-01-03T23:02:38.383Z""}]},{""symbol"":""IMJS.JK"",""name"":""PT Indomobil Multi Jasa Tbk."",""market_cap_rank"":402,""employee_num"":2461,""point_summaries"":[{""name"":""value"",""point"":6,""maxpoint"":20},{""name"":""competitive"",""point"":15,""maxpoint"":21},{""name"":""future"",""point"":8.5,""maxpoint"":18},{""name"":""financials"",""point"":1,""maxpoint"":27},{""name"":""dividend"",""point"":3.5,""maxpoint"":21.5},{""updatedAt"":""2025-01-05T23:01:57.532Z""}]}]","{""symbol"":""BPTR.JK"",""name"":""PT Batavia Prosperindo Trans Tbk."",""market_cap_change"":-0.0786516994402917}","{""symbol"":""BPTR.JK"",""name"":""PT Batavia Prosperindo Trans Tbk."",""price_change"":-0.0786516853932584}"
Computer Hardware,Computer Hardware,8360889303040,5,"[{""symbol"":""MTDL.JK"",""name"":""Metrodata Electronics Tbk"",""market_cap_rank"":166,""employee_num"":4403,""point_summaries"":[{""name"":""value"",""point"":8.5,""maxpoint"":20},{""name"":""competitive"",""point"":19.5,""maxpoint"":21},{""name"":""future"",""point"":2,""maxpoint"":3},{""name"":""financials"",""point"":17.5,""maxpoint"":27},{""name"":""dividend"",""point"":7,""maxpoint"":19.5},{""updatedAt"":""2025-01-05T23:01:57.769Z""}]},{""symbol"":""AXIO.JK"",""name"":""PT Tera Data Indonusa Tbk"",""market_cap_rank"":495,""employee_num"":120,""point_summaries"":[{""name"":""value"",""point"":null,""maxpoint"":null},{""name"":""competitive"",""point"":2,""maxpoint"":16.5},{""name"":""future"",""point"":2,""maxpoint"":3},{""name"":""financials"",""point"":2,""maxpoint"":7.5},{""name"":""dividend"",""point"":10.5,""maxpoint"":21.5},{""updatedAt"":""2025-01-11T23:03:50.961Z""}]},{""symbol"":""NINE.JK"",""name"":""PT Techno9 Indonesia Tbk"",""market_cap_rank"":574,""employee_num"":7,""point_summaries"":[{""name"":""value"",""point"":null,""maxpoint"":null},{""name"":""competitive"",""point"":6,""maxpoint"":16.5},{""name"":""future"",""point"":2,""maxpoint"":3},{""name"":""financials"",""point"":0,""maxpoint"":0},{""name"":""dividend"",""point"":1.5,""maxpoint"":15.5},{""updatedAt"":""2025-01-03T23:02:39.020Z""}]}]","{""symbol"":""NINE.JK"",""name"":""PT Techno9 Indonesia Tbk"",""market_cap_change"":13.3333320673775}","{""symbol"":""NINE.JK"",""name"":""PT Techno9 Indonesia Tbk"",""price_change"":13.3333333333333}"
Healthcare Equipment & Supplies,Healthcare Supplies & Distributions,7370585333760,7,"[{""symbol"":""OMED.JK"",""name"":""PT Jayamas Medica Industri Tbk"",""market_cap_rank"":199,""employee_num"":1091,""point_summaries"":[{""name"":""value"",""point"":4,""maxpoint"":20},{""name"":""competitive"",""point"":8,""maxpoint"":21},{""name"":""future"",""point"":16,""maxpoint"":18},{""name"":""financials"",""point"":20.5,""maxpoint"":27},{""name"":""dividend"",""point"":4,""maxpoint"":21.5},{""updatedAt"":""2025-01-07T23:01:57.545Z""}]},{""symbol"":""IRRA.JK"",""name"":""PT Itama Ranoraya Tbk."",""market_cap_rank"":515,""employee_num"":229,""point_summaries"":[{""name"":""value"",""point"":8.5,""maxpoint"":20},{""name"":""competitive"",""point"":6,""maxpoint"":21},{""name"":""future"",""point"":16,""maxpoint"":18},{""name"":""financials"",""point"":7,""maxpoint"":27},{""name"":""dividend"",""point"":3.5,""maxpoint"":21.5},{""updatedAt"":""2025-01-09T23:02:53.613Z""}]},{""symbol"":""LABS.JK"",""name"":""PT UBC Medical Indonesia Tbk"",""market_cap_rank"":535,""employee_num"":64,""point_summaries"":[{""name"":""value"",""point"":null,""maxpoint"":null},{""name"":""competitive"",""point"":0,""maxpoint"":10.5},{""name"":""future"",""point"":16,""maxpoint"":18},{""name"":""financials"",""point"":0,""maxpoint"":0},{""name"":""dividend"",""point"":1.5,""maxpoint"":15.5},{""updatedAt"":""2024-12-31T23:02:43.155Z""}]}]","{""symbol"":""HALO.JK"",""name"":""PT Haloni Jane Tbk"",""market_cap_change"":0.0800019161996703}","{""symbol"":""HALO.JK"",""name"":""PT Haloni Jane Tbk"",""price_change"":0.08}"
Electrical,Electrical Components & Equipment,5662553014272,7,"[{""symbol"":""SCCO.JK"",""name"":""PT Supreme Cable Manufacturing & Commerce Tbk"",""market_cap_rank"":358,""employee_num"":802,""point_summaries"":[{""name"":""value"",""point"":8,""maxpoint"":17},{""name"":""competitive"",""point"":6,""maxpoint"":21},{""name"":""future"",""point"":4.5,""maxpoint"":18},{""name"":""financials"",""point"":5.5,""maxpoint"":12},{""name"":""dividend"",""point"":10.5,""maxpoint"":21.5},{""updatedAt"":""2025-01-11T23:03:52.260Z""}]},{""symbol"":""KBLI.JK"",""name"":""KMI Wire and Cable Tbk"",""market_cap_rank"":381,""employee_num"":826,""point_summaries"":[{""name"":""value"",""point"":8,""maxpoint"":23},{""name"":""competitive"",""point"":10.5,""maxpoint"":21},{""name"":""future"",""point"":4.5,""maxpoint"":18},{""name"":""financials"",""point"":15,""maxpoint"":27},{""name"":""dividend"",""point"":7,""maxpoint"":19.5},{""updatedAt"":""2024-12-31T23:02:43.101Z""}]},{""symbol"":""VOKS.JK"",""name"":""Voksel Electric Tbk"",""market_cap_rank"":459,""employee_num"":898,""point_summaries"":[{""name"":""value"",""point"":null,""maxpoint"":null},{""name"":""competitive"",""point"":0,""maxpoint"":16.5},{""name"":""future"",""point"":4.5,""maxpoint"":18},{""name"":""financials"",""point"":0,""maxpoint"":7.5},{""name"":""dividend"",""point"":1.5,""maxpoint"":15.5},{""updatedAt"":""2025-01-05T23:01:58.205Z""}]}]","{""symbol"":""JECC.JK"",""name"":""Jembo Cable Company Tbk"",""market_cap_change"":0.255144057878934}","{""symbol"":""JECC.JK"",""name"":""Jembo Cable Company Tbk"",""price_change"":0.255144032921811}"
Machinery,Industrial Machinery & Components,5249026351104,7,"[{""symbol"":""MARK.JK"",""name"":""PT Mark Dynamics Indonesia Tbk."",""market_cap_rank"":220,""employee_num"":521,""point_summaries"":[{""name"":""value"",""point"":3,""maxpoint"":23},{""name"":""competitive"",""point"":15,""maxpoint"":21},{""name"":""future"",""point"":4.5,""maxpoint"":18},{""name"":""financials"",""point"":22.5,""maxpoint"":27},{""name"":""dividend"",""point"":14.5,""maxpoint"":21.5},{""updatedAt"":""2025-01-05T23:01:57.696Z""}]},{""symbol"":""GPSO.JK"",""name"":""PT Geoprima Solusi Tbk"",""market_cap_rank"":606,""employee_num"":16,""point_summaries"":[{""name"":""value"",""point"":null,""maxpoint"":null},{""name"":""competitive"",""point"":6,""maxpoint"":16.5},{""name"":""future"",""point"":4.5,""maxpoint"":18},{""name"":""financials"",""point"":6,""maxpoint"":7.5},{""name"":""dividend"",""point"":1.5,""maxpoint"":15.5},{""updatedAt"":""2025-01-05T23:01:57.448Z""}]},{""symbol"":""LABA.JK"",""name"":""PT Green Power Group Tbk"",""market_cap_rank"":654,""employee_num"":31,""point_summaries"":[{""name"":""value"",""point"":null,""maxpoint"":null},{""name"":""competitive"",""point"":6,""maxpoint"":16.5},{""name"":""future"",""point"":4.5,""maxpoint"":18},{""name"":""financials"",""point"":0,""maxpoint"":0},{""name"":""dividend"",""point"":1.5,""maxpoint"":15.5},{""updatedAt"":""2025-01-09T23:02:53.794Z""}]}]","{""symbol"":""GPSO.JK"",""name"":""PT Geoprima Solusi Tbk"",""market_cap_change"":8.28030336807254}","{""symbol"":""GPSO.JK"",""name"":""PT Geoprima Solusi Tbk"",""price_change"":8.28030303030303}"
Apparel & Luxury Goods,"Clothing, Accessories & Bags",4200633954304,6,"[{""symbol"":""HRTA.JK"",""name"":""PT Hartadinata Abadi Tbk"",""market_cap_rank"":370,""employee_num"":841,""point_summaries"":[{""name"":""value"",""point"":5,""maxpoint"":23},{""name"":""competitive"",""point"":12,""maxpoint"":21},{""name"":""future"",""point"":19.5,""maxpoint"":30},{""name"":""financials"",""point"":4.5,""maxpoint"":27},{""name"":""dividend"",""point"":9.5,""maxpoint"":19.5},{""updatedAt"":""2025-01-01T23:02:36.189Z""}]},{""symbol"":""POLU.JK"",""name"":""PT Golden Flower Tbk."",""market_cap_rank"":392,""employee_num"":894,""point_summaries"":[{""name"":""value"",""point"":0,""maxpoint"":23},{""name"":""competitive"",""point"":10,""maxpoint"":21},{""name"":""future"",""point"":13.5,""maxpoint"":18},{""name"":""financials"",""point"":12,""maxpoint"":27},{""name"":""dividend"",""point"":1.5,""maxpoint"":15.5},{""updatedAt"":""2025-01-05T23:01:57.856Z""}]},{""symbol"":""TRIS.JK"",""name"":""Trisula International Tbk"",""market_cap_rank"":542,""employee_num"":3640,""point_summaries"":[{""name"":""value"",""point"":null,""maxpoint"":null},{""name"":""competitive"",""point"":0,""maxpoint"":16.5},{""name"":""future"",""point"":13.5,""maxpoint"":18},{""name"":""financials"",""point"":6,""maxpoint"":7.5},{""name"":""dividend"",""point"":9,""maxpoint"":21.5},{""updatedAt"":""2025-01-05T23:01:58.131Z""}]}]","{""symbol"":""POLU.JK"",""name"":""PT Golden Flower Tbk."",""market_cap_change"":1.78787880071718}","{""symbol"":""POLU.JK"",""name"":""PT Golden Flower Tbk."",""price_change"":1.78787878787879}"
Household Goods,Home Furnishings,3520867454976,9,"[{""symbol"":""WOOD.JK"",""name"":""PT Integra Indocabinet Tbk"",""market_cap_rank"":326,""employee_num"":1544,""point_summaries"":[{""name"":""value"",""point"":6.5,""maxpoint"":23},{""name"":""competitive"",""point"":17.5,""maxpoint"":21},{""name"":""future"",""point"":3,""maxpoint"":3},{""name"":""financials"",""point"":8,""maxpoint"":27},{""name"":""dividend"",""point"":1.5,""maxpoint"":21.5},{""updatedAt"":""2025-01-03T23:02:39.460Z""}]},{""symbol"":""MEJA.JK"",""name"":""PT Harta Djaya Karya Tbk"",""market_cap_rank"":514,""employee_num"":44,""point_summaries"":[{""name"":""value"",""point"":null,""maxpoint"":null},{""name"":""competitive"",""point"":10.5,""maxpoint"":10.5},{""name"":""future"",""point"":3,""maxpoint"":3},{""name"":""financials"",""point"":0,""maxpoint"":0},{""name"":""dividend"",""point"":1.5,""maxpoint"":15.5},{""updatedAt"":""2025-01-03T23:02:38.908Z""}]},{""symbol"":""GEMA.JK"",""name"":""Gema Grahasarana Tbk"",""market_cap_rank"":665,""employee_num"":580,""point_summaries"":[{""name"":""value"",""point"":4,""maxpoint"":23},{""name"":""competitive"",""point"":11,""maxpoint"":21},{""name"":""future"",""point"":3,""maxpoint"":3},{""name"":""financials"",""point"":6,""maxpoint"":27},{""name"":""dividend"",""point"":5,""maxpoint"":19.5},{""updatedAt"":""2025-01-05T23:01:57.408Z""}]}]","{""symbol"":""MEJA.JK"",""name"":""PT Harta Djaya Karya Tbk"",""market_cap_change"":1.70796459664815}","{""symbol"":""MEJA.JK"",""name"":""PT Harta Djaya Karya Tbk"",""price_change"":1.70796460176991}"
Forestry & Paper,Timber,2782902584485,5,"[{""symbol"":""IFII.JK"",""name"":""PT Indonesia Fibreboard Industry Tbk"",""market_cap_rank"":327,""employee_num"":661,""point_summaries"":[{""name"":""value"",""point"":2,""maxpoint"":23},{""name"":""competitive"",""point"":13.5,""maxpoint"":21},{""name"":""future"",""point"":12,""maxpoint"":18},{""name"":""financials"",""point"":15.5,""maxpoint"":27},{""name"":""dividend"",""point"":18,""maxpoint"":21.5},{""updatedAt"":""2025-01-07T23:01:57.102Z""}]},{""symbol"":""SULI.JK"",""name"":""PT SLJ Global Tbk"",""market_cap_rank"":544,""employee_num"":113,""point_summaries"":[{""name"":""value"",""point"":2,""maxpoint"":23},{""name"":""competitive"",""point"":0,""maxpoint"":21},{""name"":""future"",""point"":12,""maxpoint"":18},{""name"":""financials"",""point"":12,""maxpoint"":27},{""name"":""dividend"",""point"":1.5,""maxpoint"":15.5},{""updatedAt"":""2025-01-05T23:01:58.087Z""}]},{""symbol"":""FWCT.JK"",""name"":""PT Wijaya Cahaya Timber Tbk"",""market_cap_rank"":680,""employee_num"":123,""point_summaries"":[{""name"":""value"",""point"":null,""maxpoint"":null},{""name"":""competitive"",""point"":6,""maxpoint"":16.5},{""name"":""future"",""point"":12,""maxpoint"":18},{""name"":""financials"",""point"":2,""maxpoint"":7.5},{""name"":""dividend"",""point"":10.5,""maxpoint"":21.5},{""updatedAt"":""2025-01-05T23:01:57.406Z""}]}]","{""symbol"":""FWCT.JK"",""name"":""PT Wijaya Cahaya Timber Tbk"",""market_cap_change"":0.720000037282702}","{""symbol"":""FWCT.JK"",""name"":""PT Wijaya Cahaya Timber Tbk"",""price_change"":0.72}"
Software,Software,1801772013568,6,"[{""symbol"":""WIRG.JK"",""name"":""PT WIR ASIA Tbk"",""market_cap_rank"":434,""employee_num"":379,""point_summaries"":[{""name"":""value"",""point"":9.5,""maxpoint"":23},{""name"":""competitive"",""point"":7.5,""maxpoint"":21},{""name"":""future"",""point"":15.5,""maxpoint"":18},{""name"":""financials"",""point"":26,""maxpoint"":27},{""name"":""dividend"",""point"":1.5,""maxpoint"":15.5},{""updatedAt"":""2025-01-05T23:01:58.230Z""}]},{""symbol"":""TRON.JK"",""name"":""PT Teknologi Karya Digital Nusa Tbk."",""market_cap_rank"":608,""employee_num"":64,""point_summaries"":[{""name"":""value"",""point"":null,""maxpoint"":null},{""name"":""competitive"",""point"":0,""maxpoint"":16.5},{""name"":""future"",""point"":15.5,""maxpoint"":18},{""name"":""financials"",""point"":6.5,""maxpoint"":7.5},{""name"":""dividend"",""point"":1.5,""maxpoint"":15.5},{""updatedAt"":""2025-01-03T23:02:39.399Z""}]},{""symbol"":""IRSX.JK"",""name"":""PT Aviana Sinar Abadi Tbk"",""market_cap_rank"":688,""employee_num"":31,""point_summaries"":[{""name"":""value"",""point"":null,""maxpoint"":null},{""name"":""competitive"",""point"":0,""maxpoint"":16.5},{""name"":""future"",""point"":15.5,""maxpoint"":18},{""name"":""financials"",""point"":5,""maxpoint"":7.5},{""name"":""dividend"",""point"":1.5,""maxpoint"":15.5},{""updatedAt"":""2025-01-05T23:01:57.572Z""}]}]","{""symbol"":""SKYB.JK"",""name"":""PT Northcliff Citranusa Indonesia Tbk."",""market_cap_change"":0}","{""symbol"":""SKYB.JK"",""name"":""PT Northcliff Citranusa Indonesia Tbk."",""price_change"":0}"
Commercial Services,Office Supplies,1519684001792,6,"[{""symbol"":""KONI.JK"",""name"":""Perdana Bangun Pusaka Tbk"",""market_cap_rank"":581,""employee_num"":151,""point_summaries"":[{""name"":""value"",""point"":2,""maxpoint"":17},{""name"":""competitive"",""point"":19,""maxpoint"":21},{""name"":""future"",""point"":0,""maxpoint"":3},{""name"":""financials"",""point"":12,""maxpoint"":12},{""name"":""dividend"",""point"":1.5,""maxpoint"":15.5},{""updatedAt"":""2025-01-07T23:01:57.266Z""}]},{""symbol"":""VISI.JK"",""name"":""PT Satu Visi Putra Tbk."",""market_cap_rank"":614,""employee_num"":56,""point_summaries"":[{""name"":""value"",""point"":4,""maxpoint"":23},{""name"":""competitive"",""point"":6.5,""maxpoint"":15},{""name"":""future"",""point"":0,""maxpoint"":3},{""name"":""financials"",""point"":18,""maxpoint"":27},{""name"":""dividend"",""point"":1.5,""maxpoint"":21.5},{""updatedAt"":""2025-01-05T23:01:58.188Z""}]},{""symbol"":""BINO.JK"",""name"":""PT Perma Plasindo Tbk"",""market_cap_rank"":628,""employee_num"":584,""point_summaries"":[{""name"":""value"",""point"":null,""maxpoint"":null},{""name"":""competitive"",""point"":8,""maxpoint"":16.5},{""name"":""future"",""point"":0,""maxpoint"":3},{""name"":""financials"",""point"":6,""maxpoint"":7.5},{""name"":""dividend"",""point"":5,""maxpoint"":21.5},{""updatedAt"":""2025-01-05T23:01:57.132Z""}]}]","{""symbol"":""KONI.JK"",""name"":""Perdana Bangun Pusaka Tbk"",""market_cap_change"":0.492537327470569}","{""symbol"":""KONI.JK"",""name"":""Perdana Bangun Pusaka Tbk"",""price_change"":0.492537313432836}"